created_at,symbol,action,confidence,input_tokens,output_tokens,cwrite,cread,latency_ms,playbook_version,consult_id,rationale,plan_json
2026-07-14 16:30:15.994496+00,BTC/USDT:USDT,hold,0.2,1639,243,3581,0,15017,1,,"Strong uptrend intact (EMA fast > slow, 1h EMA also bullish, positive CVD/tradeflow), but RSI14 at 80.4 is deeply overbought and price has already rallied ~3% in the last 20 bars with a big impulse candle. Chasing here risks a mean-reversion pullback right after entry. Better to wait for a pullback or consolidation with RSI cooling below 70 before committing new longs, per playbook guidance to avoid chasing extended moves.",
2026-07-14 22:15:08.054473+00,BTC/USDT:USDT,hold,0.2,1768,283,3581,0,6867,1,,"Price has pulled back from recent highs; base-interval EMA fast/slow are nearly flat (64576 vs 64503) with RSI at 54, showing weakening momentum after the earlier overbought extension. Trade flow shows negative CVD and bar imbalance, and the last close undercut both EMAs slightly - not a clean confirming trend. 1h trend is still bullish but RSI there is 73.7 (extended), so chasing here risks buying into a fade. No clear edge exceeding fees; prefer to wait for a fresh confirming close with RSI back above 50-55 and positive tradeflow before entering.",
2026-07-14 23:15:06.880746+00,BTC/USDT:USDT,hold,0.3,1887,226,0,3581,5479,1,,"Trend remains up (EMA fast>slow, 1h EMA bullish, positive CVD) but RSI14 at 68 is approaching overbought territory after a sharp impulse candle (+0.6% in the last bar). Chasing here risks buying an extended move right before a pullback, consistent with the playbook's caution against entering above RSI 70. Prefer to wait for a confirming pullback/consolidation rather than entering on this extended candle.",
2026-07-14 23:45:07.336716+00,BTC/USDT:USDT,long,0.45,2023,321,0,3581,6162,1,,"Uptrend intact: EMA fast>slow on base interval and 1h, RSI14 at 65 (bullish but not extreme like the prior 80 reading), positive CVD, strong bid imbalance in order book. Price just broke to a marginal new high with a confirming close. Momentum is decent but not overextended, so entering with a modest position and tight risk management rather than chasing hard. Using a moderate stop and asymmetric take-profit given ATR ~185 (~0.28% of price).","{""maxHoldBars"": 24, ""stopLossPct"": ""0.006"", ""takeProfitPct"": ""0.011"", ""entryOffsetBps"": 5, ""entryValidityBars"": 4}"
2026-07-15 02:45:06.761322+00,BTC/USDT:USDT,flat,0.3,2179,247,3581,0,5217,1,,"Base-interval trend has flipped bearish: EMA fast (64665) is now below EMA slow (64696), RSI14 at 44.3 is below 50, and price has broken down through recent support to 64540 with negative ret5/ret20 and negative bar imbalance. The prior long thesis (uptrend confluence) has broken down per playbook exit rules. No open position currently, so remaining flat avoids buying into a fresh downtrend; will wait for EMA/RSI to realign bullish before re-entering.",
2026-07-15 03:00:11.399021+00,BTC/USDT:USDT,hold,0.2,2277,267,0,3581,10147,1,,"Base-interval trend remains bearish: EMA fast (64627) below EMA slow (64676), RSI14 at 42 below 50, price making fresh local lows (64473) with negative ret1/ret5/ret20. Though 1h EMA is still bullish, the base-interval momentum has broken down and chasing a long here contradicts the entry rules (need EMA fast>slow and RSI>50). Staying flat avoids fighting the current downtrend; will wait for a confirming reversal (EMA cross back up, RSI reclaiming 50+) before re-entering.",
2026-07-15 03:15:08.936067+00,BTC/USDT:USDT,hold,0.2,2411,273,0,3581,7178,1,,"Base-interval trend is still mixed: EMA fast (64623) just below EMA slow (64669), RSI14 at 48 sitting right at the neutral pivot, though the last bar bounced sharply off 64473 lows. Tape shows negative bar imbalance despite the bounce, and 1h EMA remains bullish which offers some support, but there's no clean confirming close above EMA slow with RSI back over 50 yet. Chasing this bounce would be low-edge given recent chop; better to wait for a confirmed reclaim of EMA slow with RSI>50 before committing capital.",
2026-07-15 03:30:06.149771+00,BTC/USDT:USDT,hold,0.2,2555,273,0,3581,4969,1,,"Base-interval trend remains mixed/choppy: EMA fast (64617) still below EMA slow (64662), RSI14 at 47.5 sits below the neutral 50 pivot, and price has been oscillating in a tight range (64473-65040) with negative ret1/ret5/ret20. While 1h EMA trend is bullish, the base-interval momentum hasn't confirmed a fresh long entry, and chasing here risks a low-edge chop trade after fees. Staying flat until EMA fast reclaims EMA slow with RSI back above 50 for a clean confirming close.",
2026-07-15 05:15:09.029522+00,BTC/USDT:USDT,hold,0.3,2720,294,3581,0,6301,1,,"Base-interval trend remains choppy: EMA fast (64690.5) and slow (64690.0) are essentially flat/crossed, RSI14 at 46 is below the neutral pivot, and price just broke down to a fresh local low (64600 close, wicking to 64580) with negative ret1/ret5/ret20 and negative CVD/bar imbalance. Even though 1h EMA trend is still bullish, the base-interval signal is not confirming a tradeable edge and this is exactly the low-edge, range-bound regime the playbook flags for staying flat. No position currently open, so staying flat avoids paying fees on a thin/noisy signal.",
2026-07-15 06:00:08.07747+00,BTC/USDT:USDT,long,0.45,2864,392,0,3581,7015,1,,"Fresh confirming breakout: last bar closed at 64920.5 near session highs with a strong impulse candle, EMA fast (64726) now above EMA slow (64705), RSI14 at 60 (bullish but not extended), and 1h trend also bullish (EMA fast>slow, RSI 68). Order book shows strong bid imbalance (2.93x) and positive bar imbalance despite slightly negative CVD over the lookback. This resembles the setup from 6 decisions ago that worked initially before reversing on RSI extension, but current RSI is more moderate (60 vs 65-80), giving more room. Entering with a tight stop below the recent breakout base and a target","{""maxHoldBars"": 12, ""stopLossPct"": ""0.006"", ""takeProfitPct"": ""0.011"", ""entryOffsetBps"": 5, ""entryValidityBars"": 3}"
2026-07-15 07:30:09.61251+00,BTC/USDT:USDT,flat,0.6,1672,361,3581,0,8613,1,,"Position is a small long (0.001 BTC) already underwater ~0.6%, entered near 64888 vs current 64503. Base-interval trend has turned bearish: emaFast (64720) is now below emaSlow (64735), RSI14 at 41.5 is below 50, and the last two closed candles show a sharp breakdown with heavy volume (2575 and 3045 vs typical ~700-1000), confirming the down move is not just noise. While 1h EMA is still bullish, the immediate 15m momentum broke down decisively and price is sitting right at the lower band of recent range with no confirming bounce yet. Per exit rules, when the thesis that justified holding no lo",
2026-07-15 07:45:07.345603+00,BTC/USDT:USDT,hold,0.2,1793,285,0,3581,6284,1,,"Base-interval trend is weak/mixed: emaFast (64692) still below emaSlow (64721) and RSI14 at 44.7, below the 50 threshold for a confirmed long entry, despite recent sharp selloff and bounce. Higher timeframes (1h/4h) are bullish, but the 15m regime just broke down with a big red bar and negative tradeFlow imbalance (-0.36), suggesting continued chop/downside risk near-term. No confluence yet for a fresh long; better to wait for a confirming close with emaFast back above emaSlow and RSI reclaiming 50+ before risking capital.",
2026-07-15 08:00:07.373004+00,BTC/USDT:USDT,hold,0.2,1884,271,0,3581,6392,1,,"Base-interval trend remains bearish: emaFast (64660) below emaSlow (64703), RSI14 at 43 (below 50), and price just printed a fresh lower close at 64528 after failing near 65030. Although the 1h EMA structure is still mildly bullish, the 15m momentum is not confirming a long entry per the playbook's confluence rule. No position currently open, so staying flat avoids fighting the near-term downtrend and paying fees on a low-edge entry. Will wait for emaFast to reclaim emaSlow with RSI back above 50 before considering a long.",
2026-07-15 08:15:06.125987+00,BTC/USDT:USDT,hold,0.2,2019,256,0,3581,5059,1,,"Base 15m trend remains bearish: emaFast (64640) below emaSlow (64690), RSI14 at 44.4 (below 50 threshold), and price just made a fresh lower close after failing near 65030. Trade flow shows negative bar imbalance (-0.31) confirming recent selling pressure. While 1h EMA is bullish, this conflicts with the base timeframe, so confluence is not established. No confirmed long setup; staying flat avoids fighting the immediate downtrend and fee drag on a low-edge chop.",
2026-07-16 05:01:18.436531+00,BTC/USDT:USDT,hold,0.2,2126,295,0,4054,23192,2,,"Base 15m trend remains mixed/bearish: emaFast (64632) below emaSlow (64663), RSI14 at 46.4 (below 50 threshold for confirmed long), and last close printed a fresh lower low after failing near 64730. Trade flow shows negative bar imbalance and negative CVD over the lookback, confirming weak momentum. While the 1h EMA is modestly bullish (fast above slow), the base timeframe lacks confluence and no crossSymbol data is present to justify overriding the choppy regime. Per playbook, staying flat in non-trending conditions is the higher-edge choice; no position currently open so no exit needed.",
2026-07-16 06:27:27.30246+00,BTC/USDT:USDT,long,0.45,2167,364,762,2819,10027,1,,"Base 15m trend has flipped bullish: emaFast (64696) now above emaSlow (64685), RSI14 at 57.7 (above 50, not yet overbought), and price closed at 64862 with a fresh higher close after basing near 64550-64730. 1h EMA trend agrees (fast 64705 > slow 64405, RSI 59.8), giving multi-timeframe confluence. Order book shows strong bid imbalance (5x) supporting near-term upside. Entering with a modest offset to avoid chasing, tight-ish stop below recent structure, and a target that clears fees with room for trend continuation.","{""maxHoldBars"": 16, ""stopLossPct"": ""0.006"", ""takeProfitPct"": ""0.011"", ""entryOffsetBps"": 8, ""entryValidityBars"": 4}"
2026-07-16 07:15:06.418283+00,BTC/USDT:USDT,hold,0.2,1635,236,0,3581,5419,1,,"Price pulled back from recent highs; EMA fast/slow are essentially flat/crossing (64721 vs 64719) and RSI14 at 43 is below 50, indicating momentum has cooled after the run to ~64970. No confirmed uptrend continuation signal and CVD is negative, showing net selling pressure in the recent window. Better to stay flat and wait for a fresh confirming close with RSI back above 50 and EMA fast clearly above slow before risking capital.",
2026-07-16 07:30:07.354918+00,BTC/USDT:USDT,hold,0.2,1738,205,0,3581,5614,1,,"Price is falling with EMA fast now below EMA slow on the 15m chart, RSI14 at 35.8 (below 50), and negative recent returns plus negative trade-flow CVD/bar imbalance — this is a broken/bearish setup, not a confirming long entry. Staying flat avoids fighting the downtrend and fee drag from a low-edge counter-trend entry.",
2026-07-16 07:45:06.354769+00,BTC/USDT:USDT,hold,0,1915,227,0,3581,5516,1,,"Sharp bearish acceleration: last candle dropped ~0.42% with high volume, RSI14 at 27 (oversold, momentum broken), EMA fast below EMA slow, negative CVD and bar imbalance. This is a falling-knife pattern, not a confirmed reversal or trend-continuation long setup. No position currently open, so staying flat avoids catching a further drop; will reassess once price stabilizes and shows a confirming bounce.",
2026-07-16 08:15:07.036152+00,BTC/USDT:USDT,hold,0.1,2040,238,0,3581,5792,1,,"Sharp bearish acceleration continues: RSI14 at 21 (deeply oversold, momentum broken), EMA fast well below EMA slow, price down ~1.2% over last 20 bars with a large red volume candle just closed. This is a falling-knife pattern with no confirmation of a bottom. Staying flat rather than catching the knife; will wait for a confirmed reversal (RSI reclaiming 50, EMA fast crossing back above slow) before considering long entry.",
2026-07-16 08:30:10.928098+00,BTC/USDT:USDT,hold,0.2,2143,240,1235,2819,10054,2,,"Downtrend intact: EMA fast (64332) below EMA slow (64509) on 15m, RSI14 33 still below 50, negative CVD/bar imbalance. Although the last candle bounced off the lows (63843 to 64127), this looks like a reflexive bounce within a broken structure rather than a confirmed trend reversal. No long edge yet given fees; staying flat and waiting for EMA fast to reclaim EMA slow with RSI back above 50 before considering entry.",
2026-07-16 08:45:07.490759+00,BTC/USDT:USDT,hold,0.2,2273,237,0,3581,6034,1,,"Downtrend remains intact: 15m EMA fast (64288) below EMA slow (64473), RSI14 at 33 still below 50, negative CVD, and price just broke down sharply through 64000 support before a weak bounce. HTF (1h) EMAs are roughly flat/crossing, offering no confirming uptrend signal. No long thesis exists here; staying flat avoids fighting the prevailing bearish momentum and avoids paying fees on a low-edge entry.",
2026-07-16 09:00:07.683485+00,BTC/USDT:USDT,hold,0.2,2411,267,0,3581,6212,1,,"Downtrend remains intact: 15m EMA fast (64250) below EMA slow (64438), RSI14 at 32 well under 50, negative CVD (-343), and price broke below 64000 before a weak bounce that failed near 64200. HTF 1h EMA fast also below slow with RSI 37, confirming bearish alignment across timeframes. No confluence for a long entry per playbook criteria (need EMA fast>slow and RSI>50). Staying flat until trend/momentum show consistent confirmation of a bottom rather than another dead-cat bounce.",
2026-07-16 09:15:07.400979+00,BTC/USDT:USDT,hold,0.3,2555,241,0,3581,5975,1,,"Downtrend remains intact on 15m: EMA fast (64217) below EMA slow (64406), RSI14 at 32 (well under 50, no reversal signal), negative CVD (-347) and negative bar imbalance. HTF 1h also shows EMA fast below slow. Price broke down through 64200/64100 with weak bounces failing. No confirming reversal candle yet, so no long entry — staying flat and avoiding chasing a falling knife or catching noise in a broken trend.",
2026-07-16 09:30:05.838688+00,BTC/USDT:USDT,hold,0.1,2706,236,0,3581,4611,1,,"Downtrend remains intact and has accelerated: 15m EMA fast (64175) below EMA slow (64370), RSI14 at 30 (deeply oversold but no reversal confirmation), negative CVD, and price just broke below 64000 with strong volume. HTF 1h also shows EMA fast below slow with RSI under 40. No trend/momentum agreement for a long entry per playbook rules; staying flat avoids catching a falling knife and fee-losing chop.",
2026-07-16 09:45:06.136557+00,BTC/USDT:USDT,hold,0.2,2835,285,0,3581,4766,1,,"Downtrend remains intact: 15m EMA fast (64155) below EMA slow (64343), RSI14 at 34 still well below 50, and HTF 1h EMA fast also below EMA slow with RSI 37 - no bullish confluence anywhere. CVD is negative (-308) though the most recent bar imbalance is roughly flat, suggesting selling pressure may be pausing but no reversal confirmation yet. Staying flat avoids fighting the trend and avoids fee drag on a low-edge entry; will wait for EMA fast to reclaim EMA slow with RSI back above 50 before considering a long.",
2026-07-16 10:00:05.747671+00,BTC/USDT:USDT,hold,0.1,2978,225,1235,2819,4174,2,,"Downtrend remains intact on 15m: EMA fast (64137) below EMA slow (64318), RSI14 at 34 well under 50, HTF 1h also bearish (EMA fast<slow, RSI 37). No bullish confluence, negative CVD. Playbook and recent history both argue against entering into a clear downtrend. Staying flat until trend/momentum align (EMA fast>slow, RSI>50) before considering a long.",
2026-07-16 10:15:05.486517+00,BTC/USDT:USDT,hold,0.2,3004,223,0,4054,4056,2,,"Downtrend persists: 15m EMA fast (64133) below EMA slow (64300), RSI14 at 37 still under 50, HTF 1h also bearish (EMA fast<slow, RSI 37). No bullish confluence despite a minor bounce off 64000. Staying flat avoids fighting the trend and fees on a low-edge setup, consistent with playbook guidance to require clear trend+momentum agreement before entering.",
2026-07-16 12:45:05.009127+00,BTC/USDT:USDT,hold,0.1,3043,204,3581,0,3968,1,,"Fresh bearish acceleration: last candle broke down sharply to 63869 with high volume, RSI14 now 31 and falling, EMA fast (64109) below EMA slow (64196), HTF 1h also bearish. Negative CVD/bar imbalance confirm sellers in control. No bullish confluence anywhere, so staying flat rather than catching a falling knife.",
2026-07-16 13:00:05.95543+00,BTC/USDT:USDT,hold,0.2,3017,228,0,3581,4957,1,,"Downtrend remains intact on 15m: EMA fast (64075) below EMA slow (64172), RSI14 at 35.6 still below 50, HTF 1h also bearish (EMA fast<slow, RSI 36). No bullish confluence despite the modest bounce off 63833 lows. Negative CVD and negative bar imbalance confirm sellers still in control. Staying flat per playbook - no edge to chase a downtrend bounce.",
2026-07-16 13:30:07.041881+00,BTC/USDT:USDT,hold,0.3,3058,317,1235,2819,6120,2,,"15m EMA fast (64103.6) is still below EMA slow (64168.4) despite the recent bounce to 64230, and RSI14 at 50.9 is right at the neutral pivot, not a confirmed bullish regime. HTF 1h is more clearly bearish (EMA fast<<slow, RSI 36), so there's no multi-timeframe confluence to support a long. Price just spiked off a 63855 low on decent volume, but this looks like a bounce within a still-fragile downtrend rather than a confirmed reversal. Per playbook, avoid entries without clean confluence and genuine payoff margin over the ~20bps round-trip cost; staying flat preserves capital until trend and mo",
2026-07-16 13:45:06.42197+00,BTC/USDT:USDT,hold,0.3,3031,264,0,3581,5564,1,,"15m trend remains bearish: EMA fast (64108) below EMA slow (64165), RSI14 at 46.5 below the neutral 50 pivot, and HTF 1h shows a clearer downtrend (EMA fast 64306 < slow 64501, RSI 36). The latest candle shows a sharp rejection from 64459 back down to 64127, closing on the low - a failed breakout, not a confirmed reversal. No bullish confluence across timeframes, so staying flat avoids chasing a fakeout and paying fees on a low-edge entry.",
2026-07-16 14:00:08.300342+00,BTC/USDT:USDT,hold,0.3,3053,341,0,3581,7174,1,,"Price just broke above prior range (64354 close, +0.35% bar) but 15m EMA fast (64157) is still marginally below EMA slow (64182), though RSI14 has recovered to 55.6, above the neutral pivot. HTF 1h remains bearish (EMA fast 64315 < slow 64487, RSI 46.8), so cross-timeframe confluence is not yet confirmed. This looks like a bounce attempt inside a still-fragile downtrend rather than a confirmed reversal. Given the playbook's caution against chasing single-bar moves without confluence, and the mixed HTF signal, staying flat is the higher-edge choice; will look for a fresh confirming close with E",
2026-07-16 14:15:07.548783+00,BTC/USDT:USDT,long,0.45,3044,349,0,3581,6563,1,,"15m trend has turned bullish: EMA fast (64248) now above EMA slow (64221), RSI14 at 63 (healthy momentum, not yet overbought), and the last candle broke sharply higher to 64610 on strong volume. Order book shows heavy bid depth (imbalance 0.99) supporting the breakout. HTF 1h is still slightly bearish (emaFast<emaSlow) so I'll size modestly and use a tight-ish stop given ATR14~195. Entry near current close with defined risk/reward >1.5x, exit if trend reverses.","{""maxHoldBars"": 16, ""stopLossPct"": ""0.006"", ""takeProfitPct"": ""0.011"", ""entryOffsetBps"": 5, ""entryValidityBars"": 3}"
2026-07-16 15:30:08.083426+00,BTC/USDT:USDT,hold,0.5,1668,387,3581,0,7128,1,,"Already long at 64577.6 with a small unrealized gain (+0.34%). Base-interval trend remains constructive: EMA fast above EMA slow, RSI14 at ~63 (bullish but not extended), price pushing to new highs (64800) with positive CVD. However 1h EMA is still slightly bearish (fast below slow) and price just had a sharp spike, so I'll manage risk tightly rather than add. Re-attaching a managed plan to protect gains and lock in asymmetric risk/reward from the existing entry: stop below recent structure, take-profit sized for meaningful upside given ATR ~240 (about 0.37% of price), with room to let it run ","{""maxHoldBars"": 24, ""stopLossPct"": ""0.008"", ""takeProfitPct"": ""0.016"", ""entryOffsetBps"": 0, ""entryValidityBars"": 1}"
2026-07-16 16:30:07.340577+00,BTC/USDT:USDT,hold,0.4,1709,325,0,3581,6043,1,,"Small existing long (0.001 BTC) is roughly flat, slightly underwater (-0.1%). 15m trend is mixed: EMA fast just above slow, RSI ~53 (neutral-bullish), h1 EMA fast below slow (mild bearish), h4 strongly bullish. No clean confluence for adding. Re-attach a protective plan to manage the existing position: modest stop and take-profit anchored to entry, with a bounded hold time, rather than leaving it unmanaged.","{""maxHoldBars"": 24, ""stopLossPct"": ""0.006"", ""takeProfitPct"": ""0.011"", ""entryOffsetBps"": 0, ""entryValidityBars"": 1}"
2026-07-16 18:00:06.858027+00,BTC/USDT:USDT,flat,0.6,1820,247,3581,0,5682,1,,"Trend has broken down: 15m EMA fast now below EMA slow, RSI14 at ~41 (below 45 exit threshold), h1 EMAs also bearish, price sliding toward local lows with negative ret1/ret5. Existing small long is underwater (-0.82%) and the original bullish thesis no longer holds. Per exit rules, prefer flat over holding a broken thesis rather than waiting for the backstop. Closing to cut further downside risk; can re-enter if trend confluence returns.",
2026-07-16 18:15:06.339191+00,BTC/USDT:USDT,flat,0.6,1939,258,0,3581,5275,1,,"Position shows LONG 0.001 BTC still open despite prior flat decision, likely a stale/residual position. Trend remains bearish-to-neutral: 15m EMA fast (64244) below EMA slow (64318), RSI14 44.97 (below the 45 exit threshold), h1 EMAs also bearish (fast below slow, RSI 42). No confirming reversal signal, and position is underwater relative to avgEntry 64577.6. Consistent with playbook exit rules, close out to flat rather than hold a broken thesis.",
2026-07-16 18:30:07.585568+00,BTC/USDT:USDT,flat,0.6,2086,276,1235,2819,6382,2,,"Existing small long remains underwater (-0.6%) and the trend thesis has not recovered: 15m EMA fast (64233) is below EMA slow (64306), RSI14 at 45.7 is right at/below the exit threshold, and h1 EMAs are also bearish (fast below slow, RSI 42). Price is choppy/range-bound with no clean confluence to justify holding or adding. Per playbook, when the trend that justified entry breaks or is ambiguous, prefer flat over holding a bleeding position. Closing the residual long to stop further erosion rather than waiting for an exact price.",
2026-07-16 18:45:20.34394+00,BTC/USDT:USDT,flat,0.6,2226,248,0,3581,19427,1,,"Position remains underwater (-0.7%) and the trend thesis has not recovered: 15m EMA fast (64212) below EMA slow (64290), RSI14 at 43.9 below the 45 exit threshold, h1 EMAs also bearish (fast below slow, RSI ~42). Price is grinding lower with negative ret1/ret5/ret20. Prior flat decisions were apparently not executed (position still open), so reiterating flat to close this stale long rather than continuing to hold a broken thesis.",
2026-07-16 19:00:11.808378+00,BTC/USDT:USDT,flat,0.6,2371,276,0,3581,10612,1,,"Position remains a small underwater long (-0.56%) with the trend thesis unresolved: 15m EMA fast (64213) is below EMA slow (64283), RSI14 at 47 is below the 50 midline, and h1 EMAs are also bearish (fast below slow). Repeated prior 'flat' calls have not actually closed this position - it's still open. With no confirming trend reversal and choppy price action (ret20 -0.6%, negative tape imbalance), there's no edge to hold. Closing to flat to stop bleeding on fees/small losses and wait for a clean re-entry signal.",
2026-07-16 19:15:07.837755+00,BTC/USDT:USDT,flat,0.6,2509,266,0,3581,6898,1,,"Existing small long remains underwater (-0.58%) with no recovery in trend. 15m EMA fast (64211) below EMA slow (64276), RSI14 at 46.7 below the 50 midline, h1 EMAs also bearish (fast below slow), and ret1/ret20 negative. Repeated 'flat' decisions have not executed the close (position still open), so re-issuing flat to exit and stop bleeding fees/PnL on a thesis that hasn't materialized. No fresh long signal - momentum is weak/choppy, not worth re-entering here.",
2026-07-16 19:30:13.057822+00,BTC/USDT:USDT,flat,0.6,2660,268,0,3581,11283,1,,"Small existing long remains underwater (-0.53%) and the bearish thesis persists: 15m EMA fast (64216) below EMA slow (64272), RSI14 at 48 below the 50 midline, and h1 EMAs also bearish (fast 64307 below slow 64423, RSI 45.6). Price has been chopping without a confirming reclaim of trend. No fresh confirming close for longs, and prior repeated 'flat' decisions were not executed (position still open), so explicitly closing now to stop bleeding small losses on a thesis that hasn't recovered.",
2026-07-16 19:45:07.771799+00,BTC/USDT:USDT,flat,0.6,2857,334,0,3581,6108,1,,"Small existing long (-0.63%) remains stuck in a bearish/neutral regime: 15m EMA fast (64207) below EMA slow (64263), RSI14 at 45.7 sitting right at the exit threshold, h1 EMAs bearish (fast below slow), negative tradeFlow CVD and bar imbalance showing sell pressure, and price failing to reclaim prior highs. The 4h trend is still up but 15m/1h momentum has not confirmed a recovery. Per the exit rules, prefer flat over holding a position whose original thesis hasn't been validated, especially with repeated failed attempts to hold through chop costing small fees each cycle. Closing out to avoid f",
2026-07-16 20:00:06.706665+00,BTC/USDT:USDT,flat,0.6,2963,297,1235,2819,5744,2,,"Existing small long remains underwater (-0.52%) with no trend recovery: 15m EMA fast (64213.8) is below EMA slow (64261.2), RSI14 at 48.6 is below the 50 midline, and h1 EMAs are also bearish (fast 64294 below slow 64406). CVD is negative (-98.9) indicating net selling pressure despite a mildly positive bar imbalance. The bearish thesis that justified caution persists and the position has bled small amounts repeatedly while held. Per playbook and prior outcomes, exit to flat rather than continue holding a thesis-broken position; no viable long entry exists in this choppy regime.",
2026-07-16 20:15:06.392636+00,BTC/USDT:USDT,flat,0.6,3103,258,0,4054,4823,2,,"Existing small long remains underwater (-0.65%) with the bearish thesis persisting: 15m EMA fast (64203) below EMA slow (64252), RSI14 at 45.6 below the 50 midline and near the 45 exit threshold, h1 EMAs also bearish, and CVD/tradeFlow slightly negative. No confirming trend reversal, and repeatedly holding this small underwater position has bled value per the recent decision history. Closing to flat to stop the drag rather than continue waiting for an unconfirmed recovery.",
2026-07-16 20:30:09.268282+00,BTC/USDT:USDT,flat,0.6,3093,275,0,3581,5089,1,,"Existing small long remains underwater (-0.66%) with the bearish trend persisting: 15m EMA fast (64193) below EMA slow (64243), RSI14 at 45.4 below the 50 midline, h1 EMAs also bearish (fast 64294 below slow 64406), negative ret1/ret5/ret20, and negative CVD/bar imbalance showing continued selling pressure. The original long thesis has not recovered across ~10 consults; continuing to hold a dead position accrues no edge and risks further downside. Cut the small loss and go flat rather than wait indefinitely.",
2026-07-16 20:45:05.191983+00,BTC/USDT:USDT,flat,0.6,3094,255,0,3581,4242,1,,"Existing small long remains underwater (-0.70%) and the bearish thesis persists: 15m EMA fast (64179) below EMA slow (64232), RSI14 at 44.2 below the 45 exit threshold, h1 EMAs also bearish (fast 64294 below slow 64406), negative CVD and bar imbalance confirm sell pressure. Trend that justified any recovery hope has not materialized after 10+ consecutive holds; cut the position to flat rather than continue bleeding on a thesis that no longer holds.",
2026-07-16 21:00:06.098212+00,BTC/USDT:USDT,flat,0.6,3096,273,0,3581,4982,1,,"Existing small long remains underwater (-0.75%) with the bearish trend persisting and deepening: 15m EMA fast (64161) below EMA slow (64219), RSI14 at 42.9 well below the 45 exit threshold and falling, h1 EMAs also bearish (fast below slow), negative CVD and negative bar imbalance confirming sustained selling pressure. The trend thesis that justified the entry has clearly broken with no recovery across 10 prior holds - continuing to hold has repeatedly cost small increments. Cut the loss now rather than wait for the hard stop.",
2026-07-16 21:15:06.215253+00,BTC/USDT:USDT,flat,0.6,3096,286,0,3581,5002,1,,"Small existing long remains underwater (-0.65%) with the bearish thesis intact: 15m EMA fast (64161) below EMA slow (64214), RSI14 at 46.5 below 50, h1 EMAs also bearish (fast below slow, RSI 43.4), and trade flow shows negative CVD/bar imbalance. This position has been held flat-decision after flat-decision without recovery, and the trend that would justify holding has not returned. Rather than continue to eat small oscillations and fees, exit to flat and wait for a genuine confirming trend (EMA fast > slow, RSI > 50) before re-entering.",
2026-07-16 21:30:07.12162+00,BTC/USDT:USDT,flat,0.6,3098,307,0,3581,5203,1,,"Existing small long remains underwater (-0.67%) and the bearish thesis persists: 15m EMA fast (64157) below EMA slow (64207), RSI14 at 45.7 hovering right at the exit threshold, h1 EMAs also bearish (fast 64253 below slow 64377, RSI 43.4), and CVD is negative with weak bar imbalance. This has been a repeated pattern of small negative drift with no trend recovery signal across multiple checks; rather than continue holding a thesis that never confirmed, exit to flat to stop the bleed and fee-adjusted drag. Will look to re-enter once EMA fast reclaims EMA slow with RSI above 50.",
2026-07-16 21:45:06.402814+00,BTC/USDT:USDT,flat,0.6,3094,277,1235,2819,5161,2,,"Existing small long remains underwater (-0.60%) with the bearish/neutral regime persisting: 15m EMA fast (64164) below EMA slow (64206), RSI14 at 48.2 below 50, and h1 EMAs also bearish (fast below slow, RSI 43.4). Price has been range-bound around 64100-64250 for many bars with no confirming trend recovery, and multiple prior holds have bled small amounts. Per playbook, thesis is broken/never confirmed and there's no edge to hold through fees. Better to exit and preserve capital rather than continue absorbing chop.",
2026-07-16 22:00:06.791677+00,BTC/USDT:USDT,flat,0.6,3092,307,0,4054,5819,2,,"Existing small long remains underwater (-0.68%) with the bearish regime still intact: 15m EMA fast (64158) below EMA slow (64199), RSI14 at 45.6 hovering below the 50 midline (and at the exit threshold), h1 EMAs also bearish (fast 64230 below slow 64355, RSI 44.4). CVD is negative (-72) confirming lack of buying pressure despite slight positive bar imbalance. No confluence for a trend recovery, and the playbook plus recent history show holding this laggard long has bled value repeatedly. Cut the position to flat rather than continue absorbing decay while waiting for a thesis that keeps failing",
2026-07-16 22:15:06.832175+00,BTC/USDT:USDT,flat,0.6,3073,284,0,3581,5805,1,,"Existing small long remains underwater (-0.62%) with the bearish regime still intact: 15m EMA fast (64162) below EMA slow (64197), RSI14 at 47.9 below 50, h1 EMAs also bearish (fast 64230 below slow 64355, RSI 44.5), and CVD is negative (-54.4) showing net selling pressure. This has persisted across 10+ consecutive checks with no trend recovery. Per the playbook exit rules, the thesis that would justify holding never materialized, so cut the small loser now rather than continue bleeding fees/time on a range-bound, low-edge position.",
2026-07-16 22:30:08.106079+00,BTC/USDT:USDT,flat,0.6,3076,252,0,3581,7091,1,,"Existing small long is now down ~0.90% with the bearish regime deepening: price broke down through recent range to 63997.5, EMA fast (64129) remains below EMA slow (64179), RSI14 fell to 39.9 (well below the 45 exit threshold), h1 EMAs bearish, CVD negative, and ret1/5/20 all negative. The thesis that justified holding has clearly broken and the loss is growing rather than stabilizing. Exiting to flat rather than continuing to hold a deteriorating position.",
2026-07-16 22:45:07.619301+00,BTC/USDT:USDT,flat,0.6,3069,292,0,3581,6115,1,,"Existing small long remains underwater (-0.81%) with bearish trend persisting: 15m EMA fast (64114) below EMA slow (64168), RSI14 at 43.1 below the 45 exit threshold, h1 EMAs also bearish (fast 64230 below slow 64355, RSI 44.5). Trade flow is net negative (CVD -10, barImbalance slightly negative) and price just broke to a new local low before a weak bounce. The original bullish thesis is invalidated and repeated holds have only bled small losses; better to cut the position and stop paying carry on a thesis that isn't confirming rather than wait indefinitely.",
2026-07-16 23:00:06.853855+00,BTC/USDT:USDT,flat,0.7,3069,272,0,3581,5222,1,,"Existing small long is now down ~0.99% with the bearish trend deepening: price broke to a new local low (63939.5), 15m EMA fast (64079) remains below EMA slow (64147), RSI14 fell to 38.7 (well below the 45 exit threshold), h1 EMAs also bearish (fast 64172 below slow 64318, RSI 40.9). The thesis has been invalidated for many bars now with no recovery confirmation; continuing to hold has only compounded losses per recent history. Exiting to flat to stop the bleed rather than waiting for a deeper break.",
2026-07-16 23:15:06.82289+00,BTC/USDT:USDT,flat,0.7,3063,285,0,3581,5552,1,,"Existing small long remains underwater (-1.05%) and the bearish trend is deepening further: 15m EMA fast (64044) below EMA slow (64125), RSI14 at 37.3 well below the 45 exit threshold, h1 EMAs also bearish (fast 64172 below slow 64317, RSI 40.9), and tradeFlow shows negative CVD with sell-side bar imbalance. Price just made a fresh local low (63901.6) with no reversal signal. The thesis that justified this position no longer holds and repeated holds have only bled small losses; better to cut and stay flat until trend/momentum realign.",
2026-07-16 23:30:07.890924+00,BTC/USDT:USDT,flat,0.9,3055,321,1235,2819,6034,2,,"Position is a small long at avgEntry 64577.6, now -1.22% underwater and the bearish trend is deepening further: 15m EMA fast (63993) below EMA slow (64094), RSI14 at 33.4 (well below the 45 exit threshold and dropping), h1 EMAs also bearish, negative CVD (-33.5) and negative bar imbalance confirming aggressive selling, and price just broke to a fresh local low (63788) on expanding volume. The thesis that justified holding has clearly broken with no confirming reversal signal. Per playbook exit rules, cut the loser now rather than continue to bleed on a thesis that no longer holds — lingering h",
2026-07-16 23:45:07.672009+00,BTC/USDT:USDT,flat,0.8,3060,299,0,3581,6131,1,,"Existing small long remains deeply underwater (-1.19%) with the bearish trend still intact and deepening: 15m EMA fast (63956) below EMA slow (64068), RSI14 at 34.8 well below the 45 exit threshold, h1 EMAs also bearish, negative trade flow (barImbalance -0.41, CVD -154), and price just broke to fresh local lows (63712 low, closing 63810). The thesis that justified this long is broken and repeated 'flat' holds while still carrying the position have kept bleeding through the drawdown. Cut the position to avoid further erosion rather than hoping for a bounce; no confirming reversal signal presen",
2026-07-17 00:00:07.6501+00,BTC/USDT:USDT,flat,0.9,3045,276,0,3581,6530,1,,"Existing tiny long remains deeply underwater (-1.2%) with the bearish trend still fully intact: 15m EMA fast (63925) below EMA slow (64044), RSI14 at 34.5 well below the 45 exit threshold, h1 EMAs also bearish, tradeFlow CVD negative, and price making fresh local lows. The thesis that justified holding has clearly broken with no reversal confirmation across multiple consults. Flattening avoids further bleed rather than continuing to hope for a bounce against a persistent downtrend; the position size is small so exiting now caps the loss.",
2026-07-17 00:15:06.471219+00,BTC/USDT:USDT,flat,0.6,3056,294,0,3581,5443,1,,"Existing tiny long remains deeply underwater (-1.25%) and the bearish trend continues to deepen: 15m EMA fast (63894) below EMA slow (64019), RSI14 at 33.3 well below the 45 exit threshold, h1 EMAs also bearish (fast 64098 below slow 64270), and price just broke to a fresh local low (63768) with negative CVD (-181) confirming aggressive selling. There is no confluence supporting a long thesis, and repeatedly holding this loser has cost small increments each bar. Cut the position to flat rather than continuing to bleed while waiting for a regime change that hasn't materialized.",
2026-07-17 00:30:09.92893+00,BTC/USDT:USDT,flat,0.6,3058,292,0,3581,8561,1,,"The tiny long remains ~1.25% underwater and the bearish regime is intact and deepening: 15m EMA fast (63869) below EMA slow (63997), RSI14 at 33.6 (well below the 45 exit threshold), h1 EMAs also bearish (fast 64098 below slow 64270), and negative CVD/tradeFlow confirm continued selling pressure. Repeatedly holding this loser through the same thesis-break has cost small increments every cycle per recentDecisions. Cut the position to flat rather than continue absorbing the drawdown on a broken thesis; no viable long entry signal exists here either given the downtrend.",
2026-07-17 00:45:06.779012+00,BTC/USDT:USDT,flat,0.9,3065,266,0,3581,5692,1,,"Tiny long remains ~1.26% underwater with the bearish trend fully intact and deepening: 15m EMA fast (63849) well below EMA slow (63975), RSI14 at 33.3 (deep below the 45 exit threshold), h1 EMAs also bearish (fast 64098 below slow 64270), and price just broke below prior lows on the last closed candle with negative CVD. The original thesis is invalidated; holding has repeatedly bled small losses per the recentDecisions history. Exiting to flat rather than continuing to hold a dead thesis.",
2026-07-17 01:00:06.404786+00,BTC/USDT:USDT,flat,0.6,3054,281,1235,2819,5288,2,,"Existing tiny long remains ~1.1% underwater; bearish trend persists (15m EMA fast 63851 below EMA slow 63965, RSI14 40.9 below 45/50 thresholds, h1 EMAs also bearish fast 64051 < slow 64233). Despite the small bounce this bar, tradeFlow shows negative CVD and barImbalance, indicating continued selling pressure. Thesis that justified holding has not improved and repeated holds have bled small losses. Cut the position to flat rather than continue absorbing fees/slippage on a thesis that isn't confirming a reversal.",
2026-07-17 01:15:07.004359+00,BTC/USDT:USDT,flat,0.6,3077,297,0,4054,5974,2,,"Existing tiny long remains underwater (~-0.95%) with 15m trend still weak: EMA fast (63874) sits just below EMA slow (63965), RSI14 at 47.5 is below the 50 threshold needed for a long thesis, and h1 EMAs remain bearish (fast 64051 < slow 64233, RSI 40.3). Tape shows negative CVD and slightly negative bar imbalance despite the small bounce. No confirming trend to justify holding further exposure to the bot's forced-exit risk; better to cut the laggard position to flat and preserve capital rather than continue absorbing bleed while waiting for an unclear reversal.",
2026-07-17 01:30:07.954002+00,BTC/USDT:USDT,flat,0.6,3073,298,0,3581,6346,1,,"Tiny long remains underwater (~-0.97%) at avgEntry 64577.6. 15m EMA fast (63889) is below EMA slow (63964) and RSI14 (46.8) is below 50, so the bullish thesis isn't confirmed. H1 trend also bearish (fast 64051 < slow 64233, RSI 40.3). Price just rejected off the 64041 high back to 63950. No fresh confirming close for long continuation, and this position has been dead weight through many holds. Better to cut and stay flat until a clean trend/momentum confluence re-emerges rather than continue absorbing fee drag on a thesis that hasn't materialized.",
2026-07-17 01:45:07.510205+00,BTC/USDT:USDT,flat,0.6,3091,272,0,3581,6374,1,,"Existing tiny long remains deeply underwater (~-1.36%) and the bearish trend has broken down further: 15m EMA fast (63851) below EMA slow (63940), RSI14 at 35.5 well below the 45 exit threshold, price just made a fresh low (63700) with negative tradeFlow (barImbalance -0.33, CVD -212) and h1 EMAs also bearish (fast 64051 < slow 64233). No confirmation of reversal; continuing to hold this thesis-broken position only risks further drawdown. Exit to flat rather than wait longer.",
2026-07-17 02:00:07.181322+00,BTC/USDT:USDT,flat,0.9,3084,307,0,3581,6252,1,,"Existing tiny long is now -1.65% underwater and the breakdown has accelerated sharply: last bar dropped ~0.4% on a large volume spike, RSI14 at 29.7 (deeply oversold, well below the 45 exit threshold), 15m EMA fast (63783) below EMA slow (63901) and widening, h1 EMAs also bearish (63943<64168), tradeFlow CVD negative with sell-dominant bar imbalance. The bearish thesis break is clear and confirmed across multiple bars, not noise. Continuing to hold has repeatedly cost small increments per the recent decision history; cut the position to flat rather than wait for the bot-side backstop.",
2026-07-17 02:15:06.960995+00,BTC/USDT:USDT,flat,0.8,3080,269,0,3581,5655,1,,"Tiny long remains ~1.5% underwater and the breakdown is accelerating: 15m EMA fast (63744) below EMA slow (63872) and widening, RSI14 at 34.2, h1 EMAs also bearish (fast 63943 < slow 64168, RSI 34.6), and the latest bar broke below prior support with a large volume spike and negative CVD/tradeFlow imbalance. No confirmation of trend reversal, so holding longer risks further downside per the exit rules. Closing to flat to stop the bleed rather than waiting for the backstop.",
2026-07-17 02:30:07.001885+00,BTC/USDT:USDT,flat,0.6,3103,310,0,3581,5965,1,,"Existing tiny long remains deeply underwater (~-1.66%) and the bearish trend continues to deepen: 15m EMA fast (63696) well below EMA slow (63839) and widening, RSI14 at 31.8 (deep below the 45 exit threshold), h1 EMAs also bearish (fast 63943 < slow 64168, RSI 34.6). CVD negative, tradeFlow imbalance negative, funding still positive (crowded longs). No confirming reversal signal has appeared across many consecutive checks; continuing to hold a losing thesis with no plan attached is against the exit rules. Cut the position to flat to stop further bleed and avoid overtrading a broken trend.",
2026-07-17 02:45:08.97458+00,BTC/USDT:USDT,flat,0.7,3095,365,1235,2819,7938,2,,"Existing tiny long is deeply underwater (~-1.78%) and the downtrend continues to deepen with no confirmation of reversal: 15m EMA fast (63642) well below EMA slow (63801) and widening, RSI14 at 29.6 (deeply oversold, well below the 45 exit threshold), h1 EMAs also bearish (fast 63943 < slow 64168, RSI 34.6), CVD negative, and price just broke to a new local low (63426.7) on rising volume. Per playbook rules, thesis-break conditions (EMA cross down, RSI<45) have been in force for many bars now; continuing to hold has bled value repeatedly per recentDecisions. Closing the position to flat rather",
2026-07-17 03:00:07.011742+00,BTC/USDT:USDT,flat,0.6,3086,306,0,4054,6044,2,,"Existing tiny long remains deeply underwater (~-1.73%) with the downtrend still fully intact and deepening: 15m EMA fast (63605) well below EMA slow (63770) and widening, RSI14 at 31.6, h1 EMAs also bearish (fast 63846 < slow 64103, RSI 33.8), CVD negative (-305) and bar imbalance skewed to sellers. No confirmation of reversal exists; per playbook and exit rules the thesis that justified any long is broken and holding has bled value repeatedly in recent history. Better to cut the position to flat rather than continue absorbing drawdown while waiting for a bottom that hasn't confirmed.",
2026-07-17 03:15:07.861824+00,BTC/USDT:USDT,flat,0.3,3089,286,0,3581,6895,1,,"Existing tiny long remains underwater (~-1.52%) with the bearish trend still intact: 15m EMA fast (63603) below EMA slow (63754), RSI14 at 39.9 (below the 45 exit threshold), h1 EMAs also bearish (fast 63846 < slow 64103, RSI 33.8), and CVD/tradeFlow skewed negative. No confirmation of reversal despite a small bounce this bar. Continuing to hold a thesis that's broken is just accumulating risk; better to cut and wait for fresh confluence (EMA fast>slow, RSI>50) before re-entering.",
2026-07-17 03:30:06.272433+00,BTC/USDT:USDT,flat,0.6,3084,259,0,3581,5287,1,,"Existing tiny long remains underwater (~-1.44%) with the downtrend still intact: 15m EMA fast (63613) below EMA slow (63745), RSI14 at 42.8 below the 50 threshold, h1 EMAs also bearish (fast 63846 < slow 64103, RSI 33.8). No confirmed trend reversal despite the recent bounce; thesis remains broken. Continue to exit to flat rather than average down or hope for recovery, avoiding further exposure to a position whose original bullish premise no longer holds.",
2026-07-17 03:45:10.184829+00,BTC/USDT:USDT,flat,0.6,3084,288,0,3581,8644,1,,"Existing tiny long remains underwater (~-1.52%) with the downtrend still intact: 15m EMA fast (63610) below EMA slow (63731) and widening, RSI14 at 40.7 below the 45/50 thresholds needed for a bullish thesis, h1 EMAs also bearish (fast 63846 < slow 64103, RSI 33.8), and CVD/tradeFlow show negative bias. No confirmation of reversal; continuing to hold an underwater position against the trend just accrues risk. Exit to flat to stop the bleeding and preserve capital for a clean re-entry once trend/momentum align.",
2026-07-17 04:00:06.635149+00,BTC/USDT:USDT,flat,0.6,3087,282,0,3581,5364,1,,"Existing tiny long remains underwater (~-1.6%) with the downtrend still intact: 15m EMA fast (63595) below EMA slow (63714) and widening, RSI14 at 38.5 below the 45 exit threshold, H1 EMAs also bearish (fast 63784 < slow 64052, RSI 36.2). Trade flow shows negative CVD and negative bar imbalance, confirming continued selling pressure. No confirmation of reversal - the original bullish thesis is broken. Exiting to flat rather than continuing to hold a thesis that has failed for 10+ consecutive checks.",
2026-07-17 04:15:06.746698+00,BTC/USDT:USDT,flat,0.6,3072,263,0,3581,5479,1,,"The existing tiny long remains underwater (~-1.71%) and the downtrend is still intact: 15m EMA fast (63571) below EMA slow (63692), RSI14 at 36 well below the 45 exit threshold, H1 EMAs also bearish (fast 63784 < slow 64051, RSI 36.2), and CVD/tradeFlow skew negative. No confirmation of reversal; continuing to hold only accrues further risk without an active plan. Exit to flat to stop the bleed and preserve capital rather than hoping for a bounce.",
2026-07-17 04:30:07.342728+00,BTC/USDT:USDT,flat,0.6,3081,294,1235,2819,6407,2,,"Existing tiny long is now ~-1.88% underwater and the downtrend continues to accelerate: last close 63362.7 broke below prior support, EMA fast (63529) < EMA slow (63662) and widening, RSI14 at 32.5, H1 EMAs also bearish (fast 63784 < slow 64051, RSI 36.2). CVD negative, no reversal confirmation. The prior playbook and recent decisions repeatedly flagged this same broken thesis; continuing to hold is not a plan, it's hoping. Close the position to stop further bleed and avoid throwing good money after bad while conditions remain non-trending/bearish.",
2026-07-17 04:45:06.649647+00,BTC/USDT:USDT,flat,0.6,3075,259,0,3581,5613,1,,"Existing tiny long remains underwater (~-1.74%) with the downtrend still intact: 15m EMA fast (63514) below EMA slow (63643), RSI14 at 38.1 below the 45 exit threshold, H1 EMAs also bearish (fast 63784 < slow 64051, RSI 36.2). No confirmation of reversal despite the small bounce this bar. Thesis for holding long is broken; better to cut the position flat and stop bleeding on repeated small drawdowns than continue holding through a persistent downtrend.",
2026-07-17 05:00:06.508746+00,BTC/USDT:USDT,flat,0.6,3061,277,0,3581,5532,1,,"Existing tiny long remains underwater (~-1.73%) with the downtrend still intact: 15m EMA fast (63503) below EMA slow (63626) and widening, RSI14 at 38.4 below the 45 exit threshold, H1 EMAs also bearish (fast 63719 < slow 63998, RSI 34.9). CVD negative and price making lower lows. No trend/momentum confirmation for a reversal, so continuing to hold this position offers no edge — exit to flat to stop bleeding and avoid further downside per the exit rules (trend break confirmed, no thesis remains).",
2026-07-17 05:15:07.873707+00,BTC/USDT:USDT,flat,0.6,3072,262,0,3581,6083,1,,"Existing tiny long remains underwater (~-1.81%) and the downtrend continues: 15m EMA fast (63484) below EMA slow (63607) and widening, RSI14 at 36.4 below the 45 exit threshold, h1 EMAs also bearish (fast 63719 < slow 63998, RSI 35). No reversal confirmation; the thesis for holding is broken and the position has been stuck flat/negative across many prior holds. Cut the small position to stop bleeding and avoid further chop; will re-enter once trend and momentum align.",
2026-07-17 05:30:07.577523+00,BTC/USDT:USDT,flat,0.9,3078,315,0,3581,6529,1,,"Downtrend has now accelerated sharply: last close 63176.5 broke decisively below recent support, 15m EMA fast (63423) well below EMA slow (63567) and widening, RSI14 at 29.2 (deeply oversold, well under the 45 exit threshold), tradeFlow shows negative CVD and negative bar imbalance confirming aggressive selling, and H1 EMAs remain bearish (fast 63719 < slow 63998). The existing tiny long is now ~-2.17% underwater, breaching the point where further hoping is not justified by any trend evidence. Cut the position to flat rather than continue holding a thesis that has clearly broken; no new long i",
2026-07-17 05:45:07.702134+00,BTC/USDT:USDT,flat,0.9,3077,314,0,3581,6708,1,,"Existing tiny long is now ~-2.53% underwater and the downtrend has accelerated further: 15m EMA fast (63327) well below EMA slow (63511) and widening, RSI14 at 24.1 deeply oversold, last bar closed at 62943 with a large volume spike breaking through prior support, H1 EMAs also bearish (63719<63998), tradeFlow CVD negative and bar imbalance skewed to sellers. There is no confirming reversal signal, and the backstop is close to triggering anyway. Per the exit rules, this thesis is broken — cut the loser now rather than let it whip further, and stay flat until trend/momentum realign (EMA fast>slo",
2026-07-17 06:00:07.248457+00,BTC/USDT:USDT,flat,0.9,3067,283,1235,2819,6203,2,,"Existing tiny long remains deeply underwater (~-2.7%) with a sharply accelerating downtrend: 15m EMA fast (63223) well below EMA slow (63447) and widening, RSI14 at 21.7 deeply oversold, H1 EMAs also bearish (fast 63537 < slow 63889, RSI 26.5), CVD negative and bar imbalance skewed to sellers. No confirming reversal signal exists; the thesis for holding has long broken. Continuing to hold flat/hope has bled value every prior check per the playbook's own record. Exit now rather than rely on the backstop.",
2026-07-17 06:15:08.575979+00,BTC/USDT:USDT,flat,0.6,3061,289,0,4054,7280,2,,"Existing tiny long remains deeply underwater (~-2.76%) and the downtrend continues to accelerate: 15m EMA fast (63138) well below EMA slow (63388) and widening, RSI14 at 21.5 deeply oversold, H1 EMAs bearish, CVD negative, tradeFlow skew negative. No sign of trend reversal or confirming close. The backstop is near (0.02 below entry), and holding further risks additional bleed per the historical pattern of held-long losses in this regime. Exiting to flat rather than continuing to hold a broken thesis; no new entry justified given lack of bullish confluence.",
2026-07-17 06:30:07.408706+00,BTC/USDT:USDT,flat,0.7,3058,325,0,3581,6481,1,,"Existing long remains deeply underwater (~-2.6%) with the downtrend fully intact and accelerating: 15m EMA fast (63090) well below EMA slow (63343), RSI14 at 27.8 deeply oversold, H1 EMAs also bearish (fast 63537 < slow 63889, RSI 26.5), negative CVD and negative bar imbalance confirming continued selling pressure. The backstop is close to triggering (~2.6% down vs 2% threshold) and the thesis for holding has been wrong for 10 straight bars. Cut the position now rather than let the forced-exit path manage it, and stay flat until trend/momentum actually turn (EMA fast reclaiming EMA slow, RSI b",
2026-07-17 06:45:07.459261+00,BTC/USDT:USDT,flat,0.6,3052,268,0,3581,6391,1,,"Existing tiny long remains deeply underwater (~-2.68%) and downtrend continues to accelerate: 15m EMA fast (63041) well below EMA slow (63298) and widening, RSI14 at 26.6 deeply oversold, H1 EMAs also bearish (fast 63537 < slow 63889, RSI 26.5), CVD negative (-569.5). No confirming reversal signal yet. The thesis for holding this long is broken and repeated holds have just bled small amounts; better to cut and wait for a genuine trend confirmation before re-entering.",
2026-07-17 07:00:08.531082+00,BTC/USDT:USDT,hold,0.3,3066,328,0,3581,7594,1,,"Existing small long remains underwater (~-2.57%) with the downtrend still intact: 15m EMA fast (63016) below EMA slow (63263), RSI14 at 30.7 still below the 45 exit threshold though bouncing off oversold, H1 EMAs also bearish (fast 63413 < slow 63801). No fresh confirming reversal yet, and adding or exiting now would just realize a large loss into a still-negative trend without confirmation. The backstop bot-side stop is already close (0.02 below entry ~-2% and 0.015 below peak), so holding flat/no-new-plan avoids compounding fees while waiting for either a stop-out or a genuine trend flip (EM",
2026-07-17 07:15:10.711413+00,BTC/USDT:USDT,flat,0.7,3062,308,0,3581,9735,1,,"Existing long remains deeply underwater (~-2.64%) with the downtrend fully intact: 15m EMA fast (62987) below EMA slow (63228) and widening, RSI14 at 29.6 well below the 45 exit threshold, H1 EMAs also bearish (fast 63413 < slow 63801, RSI 29.5). CVD is negative and price just broke to a new local low. The original thesis is invalidated and there's no confirming reversal signal - holding further only adds cost risk given the bot's protective backstop is close (0.02 below entry / 0.015 below peak). Better to cut losses now and wait for a fresh confluence setup rather than continue holding a bro",
2026-07-17 07:30:08.399378+00,BTC/USDT:USDT,flat,0.7,3061,290,0,3581,7305,1,,"Position remains ~2.6% underwater with the downtrend fully intact: 15m EMA fast (62970) below EMA slow (63198) and still widening, RSI14 at 31.4 well below the 45 exit threshold, H1 EMAs also bearish (63413 vs 63801) with H1 RSI at 29.5. CVD is negative (-410) confirming aggressive selling. The original long thesis has clearly broken; repeated 'flat' calls previously were not executed (position still open), so reiterating exit is correct - there is no valid re-entry signal here, only a stale losing position that should be closed rather than held through continued deterioration.",
2026-07-17 07:45:12.514276+00,BTC/USDT:USDT,flat,0.7,3060,290,1235,2819,11361,2,,"Existing long remains ~2.6% underwater with the downtrend fully intact: 15m EMA fast (62956) below EMA slow (63171) and widening, RSI14 at 31.4 well under the 45 exit threshold, H1 EMAs also bearish (63413 vs 63801), CVD negative and bar imbalance skewed to sellers. Thesis for holding this long is broken; repeated holds have kept bleeding a few bps per bar. Better to cut and stay flat rather than keep waiting for a bounce that hasn't materialized, especially with no clear reversal signal and fees/slippage eating into any attempted round trip.",
2026-07-17 08:00:08.23262+00,BTC/USDT:USDT,flat,0.7,3053,322,0,4054,7261,2,,"Existing tiny long remains ~2.76% underwater with the downtrend fully intact and now accelerating further: 15m EMA fast (62923) below EMA slow (63136) and widening, RSI14 at 28.3 deeply oversold (below the 45 exit threshold), H1 EMAs also bearish and confirming the downtrend across timeframes. Last close 62792.9 broke to a new local low with negative CVD (-331) and no bullish reversal confirmation. The thesis for holding has been broken for many bars; per playbook, exit promptly rather than linger hoping for a bounce. Closing the position to flat rather than adding risk; no new long entry sinc",
2026-07-17 08:15:07.296931+00,BTC/USDT:USDT,flat,0.6,3063,283,0,3581,6150,1,,"Position remains ~2.65% underwater with the downtrend still intact: 15m EMA fast (62911) below EMA slow (63112) and widening, RSI14 at 33 below the 45 exit threshold, H1 EMAs also bearish (63289 vs 63709) with H1 RSI 28. Despite the tiny bounce this bar, momentum and trend structure remain broken and holding a tiny losing position through repeated 'flat' decisions has just been bleeding fees/PnL without any confirmed reversal. Exiting to flat to stop further erosion rather than waiting on an unconfirmed bottom.",
2026-07-17 08:30:07.982053+00,BTC/USDT:USDT,flat,0.6,3065,285,0,3581,6790,1,,"Existing tiny long remains ~2.8% underwater with the downtrend fully intact and accelerating: 15m EMA fast (62884) below EMA slow (63081) and widening, RSI14 at 30.2, H1 EMAs also bearish (63289 vs 63709) with RSI 28. Price just broke to a new local low (62772) with negative CVD and bar imbalance. No confirming reversal signal per playbook rules; continuing to hold a losing position with no thesis support is not justified. Exit to flat rather than keep absorbing fees-adjusted downside; position size is tiny so exit cost is minimal.",
2026-07-17 08:45:08.155066+00,BTC/USDT:USDT,hold,0.3,3066,285,0,3581,6920,1,,"Tiny existing long remains underwater (~-2.8%) with the downtrend fully intact: 15m EMA fast (62859) below EMA slow (63052) and widening, RSI14 at 29.9 deeply oversold, H1 EMAs also bearish (63289 vs 63709). No confirming reversal yet, so no fresh long entry. Given the position is small and already near the bot's protective backstop thresholds, continuing to hold flat-action (no new buying) rather than adding or panic-selling into a stretched oversold move; will look for RSI reclaim above 45 and EMA fast/slow convergence before any action.",
2026-07-17 13:30:06.679493+00,BTC/USDT:USDT,hold,0.2,1655,242,3581,0,5662,1,,"Trend and momentum disagree with entry criteria: EMA fast (62990) is below EMA slow (63039) on base interval, RSI14 at 39 is below 50, and 1h EMA structure also shows fast below slow with RSI under 40. Price just had a sharp red bar with negative trade flow (barImbalance -0.44, negative CVD). This is a downtrend/pullback regime, not a confirmed uptrend — no long edge here. Staying flat until trend and momentum realign.",
2026-07-17 13:45:06.462134+00,BTC/USDT:USDT,hold,0.1,1764,262,0,3581,5534,1,,"Sharp breakdown just occurred: last candle dropped from ~62830 to 62540 on heavy volume, EMA fast (62900) below EMA slow (62993), RSI14 at 31 (oversold, momentum weak), 1h trend also bearish (EMA fast below slow, RSI 30). This is a clear downtrend with no confluence for a long entry. CVD negative, tradeFlow barely positive. Staying flat until trend and momentum realign (EMA fast>slow, RSI>50) rather than trying to catch a falling knife.",
2026-07-17 14:00:06.538719+00,BTC/USDT:USDT,hold,0.2,1904,235,0,3581,5673,1,,"Just had a sharp reversal candle (62505→63128) on very heavy volume, but 1h trend remains bearish (EMA fast below slow, RSI37) and base RSI at 53 is only marginally above neutral - not a clean confluence entry. CVD and bar imbalance are still negative, suggesting recent selling pressure despite the bounce. Better to wait for a confirming close showing the base and 1h trends align before committing capital, rather than chase a volatile wick.",
2026-07-17 14:15:07.086358+00,BTC/USDT:USDT,hold,0.3,2032,286,0,3581,6161,1,,"Base 15m momentum has turned up (EMA fast crossing above EMA slow, RSI ~58, strong bounce off 62505 on heavy volume) but the 1h trend remains bearish (EMA fast below slow, RSI 38), a meaningful conflict. Price just spiked sharply (+1.3% in one bar) which risks chasing an extended move; better to wait for confirmation of the breakout holding rather than entering right after a big impulsive candle. Staying flat avoids buying into a level that could retest recent highs (63468 1h EMA slow acting as resistance) without a clean multi-timeframe confluence.",
2026-07-17 14:30:06.817697+00,BTC/USDT:USDT,hold,0.3,2175,267,1235,2819,5772,2,,"Base 15m trend is only marginally bullish (EMA fast just above slow, RSI ~54) while the 1h trend remains clearly bearish (EMA fast below slow, RSI 38) — a meaningful timeframe conflict. Latest candle also just reversed sharply lower off a spike high (63468→63216), showing instability rather than a clean confirming close. No crossSymbol data to lean on relative strength. Per playbook, absent unambiguous multi-timeframe confluence, staying flat is the higher-edge choice; avoid chasing this whippy move.",
2026-07-17 14:45:07.015094+00,BTC/USDT:USDT,hold,0.2,2306,285,0,3581,5922,1,,"Base 15m trend is mildly bullish (EMA fast 63103 > EMA slow 63072, RSI 54.7) but 1h trend remains clearly bearish (EMA fast 63156 < EMA slow 63468, RSI 38), a persistent timeframe conflict. Recent price action is choppy with a sharp whipsaw (62505->63496->63216) on elevated volume and negative trade flow (barImbalance -0.22, CVD -190), suggesting selling pressure into the recent pop. No clean confluence to justify a long; staying flat avoids chasing noise and fees on a low-edge setup.",
2026-07-17 15:00:06.999353+00,BTC/USDT:USDT,hold,0.3,2464,271,0,3581,6050,1,,"Base 15m trend is only mildly bullish (EMA fast 63111 > slow 63078, RSI 51.7) while the 1h trend remains clearly bearish (EMA fast 63154 < slow 63439, RSI 40) — the persistent timeframe conflict flagged in prior decisions is unresolved. Price just pulled back from 63496 to 63142 on the last two bars, showing fading momentum, and CVD is negative over the lookback despite the bounce. No clean confluence for a new long; staying flat avoids paying fees on a low-edge, choppy setup.",
2026-07-17 15:15:05.776677+00,BTC/USDT:USDT,hold,0.2,2620,226,0,3581,4790,1,,"Last close broke down sharply (63142→62890, -0.4%) with EMA fast/slow now nearly flat and crossing bearish territory, RSI14 at 45 (below the 50 threshold needed for longs), negative trade flow (barImbalance -0.32, CVD negative), and 1h trend still clearly bearish (EMA fast well below slow, RSI 40). No confluence for a long; staying flat until trend and momentum realign.",
2026-07-17 15:30:06.887919+00,BTC/USDT:USDT,hold,0.2,2751,275,0,3581,5860,1,,"Base 15m trend is mildly bullish (EMA fast 63101 > slow 63078, RSI 54) with a strong bounce candle, but 1h trend remains bearish (EMA fast 63154 < slow 63439, RSI 40) — the persistent multi-timeframe conflict that has repeatedly reversed shortly after. Trade flow (barImbalance -0.25, negative CVD) also shows recent selling pressure despite the wick recovery. Given repeated whipsaws in recent bars and no clean confluence, staying flat avoids paying fees on a low-edge setup.",
2026-07-17 15:45:06.571499+00,BTC/USDT:USDT,hold,0.2,2935,270,0,3581,5125,1,,"Base 15m trend is mildly bullish (EMA fast 63119 > slow 63088, RSI 52.5) but 1h trend remains clearly bearish (EMA fast 63154 < slow 63439, RSI 40) and 4h EMA also shows fast well below slow — persistent multi-timeframe conflict that has repeatedly whipsawed. Price also just wicked down from 63277 to 63188 with negative CVD (-316), suggesting fragile momentum. No clean confluence to justify a long; staying flat avoids paying fees on a low-edge setup.",
2026-07-17 16:00:08.809187+00,BTC/USDT:USDT,hold,0.2,3041,325,1235,2819,7768,2,,"Base 15m trend is bullish (EMA fast 63181 > slow 63119, RSI 58) and the latest candle broke out strongly to 63432, but the 1h trend remains bearish (EMA fast 63209 < slow 63438, RSI 47) — a persistent multi-timeframe conflict that has repeatedly failed to resolve in favor of longs per recent history. Spread is thin and bid-heavy but funding/positioning show crowded longs (64.7% long accounts) and CVD is slightly negative, adding caution. Without cleaner confluence across timeframes, staying flat avoids paying fees on a thesis that keeps chopping; will wait for 1h EMA to turn or a clear pullbac",
2026-07-17 16:15:06.57882+00,BTC/USDT:USDT,hold,0.3,3055,293,0,4054,5557,2,,"Base 15m trend is bullish (EMA fast 63232 > slow 63148, RSI 58) and price broke out to 63541 with decent volume, but the 1h trend still shows EMA fast (63209) below slow (63438) with RSI 47 - a persistent multi-timeframe conflict that has repeatedly flagged false starts in recent decisions. No crossSymbol data to lean on for relative strength. Given the playbook's emphasis on requiring confluence across timeframes and the recent string of marginal/negative outcomes from acting on base-only bullish signals, staying flat remains the higher-edge choice until the 1h trend confirms.",
2026-07-17 16:30:06.618887+00,BTC/USDT:USDT,hold,0.3,3054,304,0,3581,5611,1,,"Base 15m trend remains bullish (EMA fast 63275 > slow 63175, RSI 58) with price pushing to new highs (63446, close to session high), but 1h trend is still bearish (EMA fast 63209 < slow 63438, RSI 47) - the persistent multi-timeframe conflict that has repeatedly capped gains in prior holds. CVD is negative (-275) despite the price rise, suggesting the move isn't backed by strong aggressive buying, and orderbook imbalance favors bids but spread is thin. Given repeated whipsaws and no confirmed 1h alignment, staying flat avoids paying fees on a low-edge chase near a local high.",
2026-07-17 16:45:10.56406+00,BTC/USDT:USDT,long,0.4,1681,336,0,3581,9493,1,,"15m trend is bullish: emaFast>emaSlow, RSI14 ~59.5 (above 50, not overbought), price broke above recent range with strong bar imbalance and rising close. However 1h EMA is flat/slightly bearish and 4h trend is down, so this is a lower-timeframe momentum trade against a weaker higher-timeframe backdrop — sizing kept modest. Entry near current close with a tight stop below recent swing low and a take-profit sized for ~2x the stop to clear fees with real asymmetry.","{""maxHoldBars"": 16, ""stopLossPct"": ""0.006"", ""takeProfitPct"": ""0.011"", ""entryOffsetBps"": 5, ""entryValidityBars"": 4}"
2026-07-17 18:15:07.714803+00,BTC/USDT:USDT,hold,0.2,1780,288,3581,0,6629,1,,"RSI14 at 71.2 is already overbought/extended on the 15m, price has run up nearly 2% over the last 20 bars with a strong recent breakout candle (63553->64122). Chasing here risks buying a local top; the 1h trend (emaFast slightly below emaSlow) doesn't fully confirm the 15m strength either. Trade flow shows negative CVD/bar imbalance despite the price rise, suggesting the move is not broadly confirmed by aggressive buying. Better to wait for a pullback or fresh confirming close rather than entering an extended move — avoiding a low-edge chase per playbook guidance.",
2026-07-17 18:45:05.891232+00,BTC/USDT:USDT,hold,0.3,1912,262,0,3581,4901,1,,"RSI14 at ~69.3 is still extended near overbought territory after a ~1.6% run over 20 bars, and 1h EMA trend is only mildly bullish/flat (fast slightly below slow). Trade flow shows negative bar imbalance and negative CVD, suggesting recent buying pressure is fading despite the higher close. Chasing this breakout risks buying near a local top per the playbook guidance to avoid extended RSI entries. Staying flat until a pullback/consolidation gives a better risk/reward entry with confirmed momentum.",
2026-07-17 19:00:06.365544+00,BTC/USDT:USDT,hold,0.2,2011,266,0,3581,5517,1,,"RSI14 at 71.3 remains extended/overbought after a strong run (+1.35% over 20 bars, latest bar +0.34% with a big range expansion). Price is chasing a breakout well above emaFast/emaSlow, and 1h trend is only mildly bullish (fast/slow nearly flat), while CVD is slightly negative — momentum is stretched rather than freshly confirming. Avoiding a chase here per playbook; will wait for a pullback/consolidation with RSI cooling toward 55-60 or a fresh confirming close before entering long.",
2026-07-17 22:30:07.956982+00,BTC/USDT:USDT,hold,0.2,2193,290,3581,0,6024,1,,"Momentum has faded: last close broke below the recent micro-range, RSI14 back near 52 (neutral), tradeFlow shows negative bar imbalance and negative CVD (sellers dominating recent bars), and price is now hovering right around emaFast/emaSlow with no clean confluence. 1h trend is still mildly bullish but 15m momentum just rolled over on this last bearish bar (-0.18%). Not enough edge to chase a long here after RSI already ran up from overbought without a fresh confirming breakout; better to stay flat and wait for either a clean pullback-and-reclaim or a fresh momentum confirmation.",
2026-07-17 22:45:06.298665+00,BTC/USDT:USDT,hold,0.2,2292,242,1235,2819,5251,2,,"Price has faded from the earlier breakout, closing below both recent range lows with negative bar imbalance and negative CVD (sellers dominating). RSI14 near 51 is neutral, not confirming fresh upside, and emaFast/emaSlow are only marginally positive (64017 vs 63955) with price now trading below both. No clean trend confluence to justify a long entry; staying flat avoids chasing a weakening move and matches the playbook's caution about entering without unambiguous trend agreement.",
2026-07-17 23:00:16.859932+00,BTC/USDT:USDT,hold,0.2,2413,289,0,4054,15481,2,,"Price is choppy: emaFast (64004) only marginally above emaSlow (63954), RSI14 near 53 (neutral), and recent bars show negative tradeFlow imbalance and negative CVD (sellers dominating). The last several bars faded from a prior breakout and are now consolidating below the highs without a clean confirming close. No crossSymbol data to confirm relative strength. Per playbook, this is exactly the low-edge chop regime where entries should be avoided - staying flat until trend and momentum clearly re-align (EMA fast decisively above slow, RSI>50 with confirming volume) is the better risk/reward choi",
2026-07-17 23:15:05.693856+00,BTC/USDT:USDT,hold,0.2,2537,234,0,3581,4726,1,,"Price is choppy and now fading: RSI14 at ~48.8 is below 50, emaFast/emaSlow are nearly flat/converging, and the last bar closed down with negative CVD/bar imbalance leaning bearish. This doesn't meet the entry criteria (need EMA fast>slow with RSI>50 confirming trend). Staying flat avoids paying fees on a low-edge, range-bound setup; will wait for a fresh confirming bullish close.",
2026-07-17 23:30:08.67624+00,BTC/USDT:USDT,hold,0.2,2673,215,0,3581,7084,1,,"Price remains in a choppy range around 63900-64100 with EMA fast/slow nearly converged (63971 vs 63947) and RSI14 at 52, barely above neutral. Negative CVD and bar imbalance suggest recent selling pressure, and 1h trend is only modestly bullish. No clear confluence for a fresh long entry; staying flat avoids paying fees on a low-edge chop trade.",
2026-07-17 23:45:25.564372+00,BTC/USDT:USDT,hold,0.2,2802,250,0,3581,24561,1,,"Still a choppy range: emaFast (63966) barely above emaSlow (63947), RSI14 at ~52.6 near neutral, and CVD/bar imbalance mixed with no strong directional conviction. 1h trend is modestly bullish but 15m lacks a clean confirming breakout, and price has been oscillating 63860-64220 for the last 20 bars without follow-through. No edge clears fees here; staying flat and waiting for a decisive close above range highs with RSI>55 and positive flow before committing.",
2026-07-18 00:00:05.348318+00,BTC/USDT:USDT,hold,0.2,2963,204,0,3581,4289,1,,"Still choppy: emaFast (63955) barely above emaSlow (63943), RSI14 at 50.3 dead neutral, and the last bar closed lower with negative bar imbalance and negative CVD (sellers active). No confirming trend/momentum edge to clear fees. Staying flat until a clean confirming close with RSI>50 and expanding bar imbalance appears.",
2026-07-18 00:15:07.492402+00,BTC/USDT:USDT,hold,0.2,2960,224,0,3581,5922,1,,"Still range-bound: emaFast (63951.5) barely above emaSlow (63942.9), RSI14 at ~51.9 essentially neutral, and negative bar imbalance/CVD show sellers still active despite the last small green bar. No confluence with 1h trend strength yet to justify chasing a marginal edge that fees would erase. Staying flat until a decisive breakout with RSI>55 and confirmed EMA separation appears.",
2026-07-18 00:30:06.77886+00,BTC/USDT:USDT,hold,0.2,2953,229,1235,2819,4958,2,,"Still range-bound: emaFast (63954) barely above emaSlow (63945), RSI14 at ~53.5 near neutral, price oscillating in a tight 63860-64200 band for 30 bars with no clean breakout. Negative bar imbalance and CVD show mild seller dominance despite last green bar. No confirming trend across 15m/1h to clear the required edge over fees. Staying flat per playbook until a clear trending confluence emerges.",
2026-07-18 00:45:07.689189+00,BTC/USDT:USDT,hold,0.2,1692,241,0,3581,4791,1,,"Price is chopping near flat EMAs (fast/slow essentially equal), RSI14 at 49 (neutral), negative tradeFlow CVD and bar imbalance, and 4h trend still bearish (emaFast below emaSlow on h4). No confluence of trend+momentum to justify a long; downtrend on ret5/ret20 also argues caution. Staying flat until a clear confirming close with EMA fast>slow and RSI>50 aligned with higher timeframe trend.",
2026-07-18 01:00:05.698645+00,BTC/USDT:USDT,hold,0.2,1801,226,0,3581,4443,1,,"Base-interval EMA fast/slow are essentially flat and crossing (63924.8 vs 63931.6), RSI14 at 48 is neutral, tradeFlow shows negative CVD and bar imbalance, and 4h trend remains bearish (h4 emaFast below emaSlow, down from a higher slow EMA). No confluence for a long entry per playbook criteria; staying flat avoids paying fees on a low-edge chop.",
2026-07-18 01:15:08.429701+00,BTC/USDT:USDT,hold,0.2,1895,249,0,3581,4505,1,,"Base-interval EMA fast/slow remain essentially flat and crossed (63919 vs 63928), RSI14 at 49 is neutral, tradeFlow CVD and bar imbalance are negative (mild sell pressure), and price is chopping in a tight ~100pt range. Only the 1h EMA leans bullish, but without base-interval confluence this is low-edge chop where fees would erase any thin move. No position open, so staying flat and waiting for a clean trend/momentum confirmation before committing capital.",
2026-07-18 01:30:05.386793+00,BTC/USDT:USDT,hold,0.3,2034,224,0,3581,4262,1,,"EMA fast/slow are essentially flat and just crossing back up (63930 vs 63933), RSI14 at 55 is barely above neutral, and 1h trend is mildly bullish but tradeFlow CVD remains slightly negative. This is marginal confluence at best after a period of choppy range-bound action - not a clean confirmed breakout worth paying fees for. Staying flat until a clearer trend/momentum agreement emerges.",
2026-07-18 01:45:05.775356+00,BTC/USDT:USDT,hold,0.2,2165,244,0,3581,4772,1,,"Base 15m EMA fast/slow are essentially flat and crossed (63927 vs 63931), RSI14 at 50 is neutral, and the last close (63916.6) is below both EMAs with a fresh -0.09% return, showing continued chop rather than confirmed trend. Negative CVD over the lookback and no clear breakout despite mildly bullish 1h EMA trend. No clean confluence to justify paying the round-trip cost; staying flat avoids overtrading a range-bound market.",
2026-07-18 02:00:11.709933+00,BTC/USDT:USDT,hold,0.2,2302,235,1235,2819,10609,2,,"Base 15m EMA fast/slow remain essentially flat and crossed (63927.7 vs 63930.9), RSI14 at 51 is barely neutral, negative CVD tradeFlow persists, and price has been chopping in a tight ~100pt range for the last several bars. No clean trend confluence to justify a long, and prior similar setups produced no edge after costs. Staying flat until a clear trending breakout with EMA/RSI/HTF agreement emerges.",
2026-07-18 02:15:10.01172+00,BTC/USDT:USDT,hold,0.2,2441,251,0,4054,6203,2,,"EMA fast/slow remain essentially flat and crossed (63930.6 vs 63932.0) on the 15m base interval, RSI14 at 52 is barely above neutral, and tradeFlow shows negative CVD/bar imbalance despite a mildly bullish 1h trend. This is textbook choppy, low-confluence conditions per the playbook — no clean trend to justify paying the round-trip cost. Staying flat and waiting for unambiguous EMA/RSI/HTF alignment before committing capital.",
2026-07-18 02:30:06.021016+00,BTC/USDT:USDT,hold,0.2,2584,262,0,3581,4924,1,,"EMA fast/slow are still essentially flat and crossed (63938.5 vs 63935.4), RSI14 at 54 is barely above neutral, and tradeFlow CVD remains negative despite a small positive bar close. This is still choppy, low-conviction chop rather than a confirmed trend with confluence; 1h trend is mildly bullish but not enough alone to justify entry given repeated whipsaw. Staying flat to avoid fee-eroding overtrading until a clearer confirming close with RSI/EMA/CVD alignment appears.",
2026-07-18 02:45:05.915841+00,BTC/USDT:USDT,hold,0.2,2715,221,0,3581,4760,1,,"EMA fast/slow remain essentially flat and crossed (63938.5 vs 63935.7) on the 15m base interval, RSI14 at 51.6 is barely above neutral, negative CVD persists despite mild positive bar imbalance, and price is still chopping in a tight range near recent lows. No clear confluence with 1h trend strength to justify a new long; continuing to stay flat rather than force a thin-edge entry.",
2026-07-18 03:00:05.914603+00,BTC/USDT:USDT,hold,0.2,2855,203,0,3581,4156,1,,"EMA fast/slow remain essentially flat and crossed (63937.1 vs 63935.3), RSI14 at 51 is barely above neutral, and price has been choppy in a tight range for many bars with negative CVD/bar imbalance persisting. No clear trend confluence to justify a long entry; continuing to hold flat rather than pay fees on a low-edge chop.",
2026-07-18 03:15:05.797229+00,BTC/USDT:USDT,hold,0.2,2981,248,0,3581,4677,1,,"Price remains in a tight chop band (~63860-64160) with EMA fast/slow essentially flat and crossed (63940 vs 63937), RSI14 at 53 barely above neutral, and negative CVD despite a mildly positive last bar. No clean trend/momentum confluence to justify paying the round-trip fee; continuing to hold flat until a fresh confirming close with EMA separation and RSI>50 with 1h agreement (currently 1h is mildly bullish but base interval lacks confirmation).",
2026-07-18 03:30:05.731159+00,BTC/USDT:USDT,hold,0.2,2977,205,0,3581,3805,1,,"EMA fast/slow remain essentially flat and crossed (63937 vs 63936), RSI14 at 50 is dead neutral, tradeFlow CVD is negative, and price continues chopping in the ~63860-64160 range with no clear directional edge. Round-trip fees would erode any thin gain from this noise. Staying flat until a decisive trend confirmation emerges.",
2026-07-18 03:45:07.688296+00,BTC/USDT:USDT,hold,0.2,3014,260,1235,2819,4339,2,,"Base 15m EMA fast/slow remain essentially flat/crossed (63933 vs 63934), RSI14 at 49 is dead neutral, 4h trend is actually bearish (emaFast 63845 < emaSlow 64254), and tradeFlow CVD/bar imbalance remain negative. No confluence of trend and momentum, price still chopping in the same ~63860-64160 range with no clear direction. Per playbook, avoid entries in choppy conditions lacking clear edge over fees; staying flat continues to be the correct call.",
2026-07-18 04:00:06.782828+00,BTC/USDT:USDT,hold,0.2,2978,284,0,4054,5401,2,,"Price just popped to 63989.5 with EMA fast/slow barely crossing up (63944 vs 63939) and RSI14 at 56, mildly supportive, but this follows a long stretch of choppy range-bound action (63860-64160) with negative CVD over the lookback and no crossSymbol confirmation available. The move is fresh and unconfirmed by a full closed bar showing sustained follow-through; per playbook, avoid chasing after repeated whipsaw and thin edges that don't clearly clear round-trip costs. Staying flat preserves capital until a genuine confirming close with wider margin over cost appears.",
2026-07-18 04:15:06.44061+00,BTC/USDT:USDT,hold,0.2,2980,275,0,3581,5045,1,,"Price remains in the same ~63860-64160 chop band that's persisted for 20+ bars. EMA fast/slow are only marginally separated (63949 vs 63942), RSI14 at 54 is unremarkable, and CVD is negative despite a mild positive bar imbalance - no clean confluence. 1h trend is modestly bullish but not enough to justify chasing here after a pop to 63989 that already faded back to 63967. Staying flat avoids paying fees on a low-edge chop signal; will wait for a decisive breakout with RSI>50 and EMA separation widening before committing.",
2026-07-18 04:30:05.428625+00,BTC/USDT:USDT,hold,0.2,2984,223,0,3581,4373,1,,"Price remains stuck in the same ~63860-64160 chop band that's persisted for 20+ bars. EMA fast/slow are only marginally separated (63950 vs 63943), RSI14 at 52 is unremarkable, negative CVD persists despite mild positive bar imbalance. No fresh confirming trend/momentum confluence to justify paying the round-trip fee; staying flat per playbook guidance on choppy regimes.",
2026-07-18 04:45:06.689665+00,BTC/USDT:USDT,hold,0.2,2971,231,0,3581,4995,1,,"Price remains stuck in the same ~63860-64160 chop band for 25+ bars. EMA fast/slow are essentially flat and crossed (63944 vs 63941), RSI14 at 49 is dead neutral/slightly bearish, negative CVD and negative bar imbalance persist, and last close undercut both EMAs. No confluence for a long entry; fees would erode any edge in this range. Staying flat until a clean directional break with confirming momentum.",
2026-07-18 05:00:07.018946+00,BTC/USDT:USDT,hold,0.2,2969,289,0,3581,5284,1,,"Price remains stuck in the same ~63860-64160 chop band that's persisted for 25+ bars. EMA fast/slow are only marginally separated (63944 vs 63941), RSI14 at 51.5 is barely above neutral, negative CVD (-102) and slightly negative bar imbalance persist despite the small uptick close. No clear trend confluence with 1h EMA (fast>slow there, mildly bullish) but base interval momentum is unconvincing. Staying flat avoids paying fees on a low-edge chop; will wait for a decisive breakout with RSI clearing 55+ and CVD turning positive before committing.",
2026-07-18 05:15:05.514128+00,BTC/USDT:USDT,hold,0.2,2974,237,0,3581,4209,1,,"Price remains stuck in the same ~63860-64160 chop band for 25+ bars, and the latest close broke slightly lower to 63900 with EMA fast now below EMA slow (63935 vs 63937) and RSI14 at 47, below neutral. Negative CVD and negative bar imbalance persist, confirming lack of buying pressure. No confirmed trend or momentum edge exists to justify a long entry against fees; staying flat is the correct choice per the entry rules.",
2026-07-18 05:30:07.146188+00,BTC/USDT:USDT,hold,0.2,2966,265,1235,2819,5182,2,,"Price remains stuck in the same ~63860-64160 chop band for 25+ bars. EMA fast/slow are essentially flat/crossed (63937.6 vs 63938.2), RSI14 at 51.6 is barely above neutral, and CVD is negative despite a mildly positive last bar imbalance. No clean trend confluence with 1h (which is mildly bullish but not decisively confirming) to justify a long entry that clears round-trip costs with margin. Staying flat per playbook guidance to avoid overtrading choppy, low-edge conditions.",
2026-07-18 05:45:12.103491+00,BTC/USDT:USDT,hold,0.2,2980,219,0,3581,9558,1,,"Price remains locked in the same ~63860-64000 chop band for 30+ bars. EMA fast/slow are essentially flat and crossed (63938.1 vs 63938.4), RSI14 at 50.9 is dead neutral, and CVD/bar imbalance show no clear directional edge. No confluence for a long entry per playbook criteria; continuing to sit flat avoids paying fees on a low-edge chop.",
2026-07-18 06:00:06.910255+00,BTC/USDT:USDT,hold,0.2,2985,232,0,3581,5050,1,,"Price remains locked in the same ~63860-64000 chop band for 30+ bars. EMA fast/slow are essentially flat and crossed (63937.7 vs 63938.2), RSI14 at 50.5 is dead neutral, and 1h trend is only mildly bullish. No confirming trend/momentum edge that would clear the ~20bps round-trip cost with reasonable asymmetry. Staying flat until a clean breakout with volume confirmation.",
2026-07-18 06:15:06.09702+00,BTC/USDT:USDT,hold,0.2,3003,239,0,3581,4483,1,,"Price remains locked in the same ~63860-64000 chop band for 30+ bars. EMA fast/slow are essentially flat and crossed (63937.4 vs 63938.0), RSI14 at 50.5 is dead neutral, and tradeFlow shows only mild positive imbalance with modest CVD. No clean trend/momentum confluence to justify paying the round-trip fee; staying flat until a decisive breakout with confirming volume and RSI above 55+ emerges.",
2026-07-18 06:30:12.008544+00,BTC/USDT:USDT,hold,0.2,2990,233,0,3581,10674,1,,"Price remains locked in the same ~63860-64000 chop band for 30+ bars. EMA fast/slow are essentially flat and barely crossed (63942 vs 63940), RSI14 at 53 is unremarkable, negative bar imbalance despite mildly positive CVD, and 1h trend is only mildly bullish. No clean confluence to justify paying the round-trip cost; staying flat until a decisive breakout with trend/momentum agreement emerges.",
2026-07-18 06:45:09.800689+00,BTC/USDT:USDT,hold,0.15,2996,253,0,3581,4604,1,,"Price remains locked in the same ~63860-64000 chop band that's persisted for 30+ bars. EMA fast/slow are essentially flat and barely crossed (63943 vs 63941), RSI14 at 51.5 is dead neutral, CVD/bar imbalance are slightly negative despite price holding up, and the orderbook shows thin depth with heavy ask-side stacking (imbalance 0.12). No clear directional edge exceeds fees in this range; staying flat rather than forcing a low-conviction entry.",
2026-07-18 07:00:05.828069+00,BTC/USDT:USDT,hold,0.2,3006,234,1235,2819,4631,2,,"Still range-bound: price locked in ~63860-64000 band for 30+ bars, EMA fast/slow barely separated (63945 vs 63942), RSI14 at 52 is neutral, CVD slightly negative despite mild positive bar imbalance. No clean trending confluence and no crossSymbol data to justify concentrating risk. Consistent with playbook guidance to prefer flat in chop rather than chase marginal signals that don't clear round-trip costs.",
2026-07-18 07:15:06.055937+00,BTC/USDT:USDT,hold,0.2,3009,260,0,4054,4771,2,,"Still range-bound: price has chopped in the ~63860-64000 band for 30+ bars. EMA fast/slow are only marginally separated (63949.5 vs 63944.1), RSI14 at 54 is unremarkable/neutral-ish, and negative bar imbalance (-0.09) despite modestly positive CVD shows no clean directional conviction. No crossSymbol data to lean on. This matches the low-edge chop regime the playbook flags — staying flat avoids paying fees/slippage for a thin, unconfirmed edge.",
2026-07-18 07:30:06.669478+00,BTC/USDT:USDT,hold,0.2,3012,261,0,3581,5507,1,,"Price is pressing the top of the ~63860-64000 chop band with a fresh close at 63990, EMA fast slightly above EMA slow and RSI14 at 57, marginally constructive but not a clean breakout confirmation yet — this range has faded every prior push. Given fees (~20bps round-trip) and the lack of a decisive close beyond the range high with volume/CVD confirmation, staying flat avoids paying costs on a low-edge chop. Will look for a confirmed break and hold above 64000 with RSI staying >55 before committing long.",
2026-07-18 07:45:06.960337+00,BTC/USDT:USDT,long,0.35,3010,342,0,3581,5957,1,,"Price has broken to a fresh local high (63992.4) after 30+ bars of chop, with EMA fast above EMA slow, RSI14 at 57 (constructive but not overbought), 1h trend also mildly bullish, positive CVD/bar imbalance, and strong bid-side book imbalance (5.4x). This is the first clean confirmation above the prior 63860-64000 range top rather than just testing it. Entering small with a tight stop below recent structure and a target that clears fees with room, given ATR ~50 suggests realistic near-term move.","{""maxHoldBars"": 16, ""stopLossPct"": ""0.0032"", ""takeProfitPct"": ""0.006"", ""entryOffsetBps"": 5, ""entryValidityBars"": 3}"
2026-07-18 12:00:06.866238+00,BTC/USDT:USDT,hold,0.4,3052,282,4054,0,5693,2,,"Price just broke out to a fresh high (64033.3) with EMA fast above slow, RSI14 at 63 (constructive, not yet overbought), positive CVD and bar imbalance, and 1h trend also bullish. However, this breakout candle was large and fast (ATR14 ~34, this bar's range ~78), so chasing here risks poor entry after an extended move. No position currently open (prior long apparently closed/flat now); rather than chase the spike, wait for a pullback or confirmation candle before committing fresh capital, consistent with playbook's caution against chasing extended moves and thin edges post-breakout.",
2026-07-18 19:30:14.161752+00,BTC/USDT:USDT,hold,0,1869,326,5942,0,13268,2,,"",
2026-07-18 23:30:08.99725+00,BTC/USDT:USDT,hold,0,1948,591,5942,0,8089,2,,"",
2026-07-19 21:00:09.886888+00,BTC/USDT:USDT,hold,,1877,134,5942,0,6873,2,,"Choppy range: EMA fast/slow nearly flat and crossing, RSI ~53 near midline, h1 EMAs also flat. No clean trend confluence to clear round-trip cost. Stay flat and wait for clearer signal.",
2026-07-20 01:00:05.023707+00,BTC/USDT:USDT,hold,,1880,141,5959,0,3989,3,,"Choppy regime: RSI14=46 below 50, EMA fast/slow nearly flat/crossing, last bar dropped sharply. No clean trend confluence on 15m; h1 marginally bullish but weak. No edge clearing costs, staying flat.",
