id,run_id,ts,equity,cash,unrealized,peak,session_date_utc,gap_annotation,boot_id,mode
131331,run-83d9d8cb-50d5-46af-acad-71ff3b582b21,2026-07-20 06:43:45.048+00,4990.471374129550000000,4989.678046040000000000,-0.007783164466886364,5000.000000000000000000,2026-07-20,,83d9d8cb-50d5-46af-acad-71ff3b582b21,testnet
131330,run-83d9d8cb-50d5-46af-acad-71ff3b582b21,2026-07-20 06:43:40.046+00,4990.471332839550000000,4989.678046040000000000,-0.007824454466886364,5000.000000000000000000,2026-07-20,,83d9d8cb-50d5-46af-acad-71ff3b582b21,testnet
131329,run-83d9d8cb-50d5-46af-acad-71ff3b582b21,2026-07-20 06:43:35.046+00,4990.471347472650000000,4989.678046040000000000,-0.007809821366886364,5000.000000000000000000,2026-07-20,,83d9d8cb-50d5-46af-acad-71ff3b582b21,testnet
131328,run-83d9d8cb-50d5-46af-acad-71ff3b582b21,2026-07-20 06:43:30.017+00,4990.471314560450000000,4989.678046040000000000,-0.007842733566886364,5000.000000000000000000,2026-07-20,,83d9d8cb-50d5-46af-acad-71ff3b582b21,testnet
131327,run-83d9d8cb-50d5-46af-acad-71ff3b582b21,2026-07-20 06:43:24.999+00,4990.471280660450000000,4989.678046040000000000,-0.007876633566886364,5000.000000000000000000,2026-07-20,,83d9d8cb-50d5-46af-acad-71ff3b582b21,testnet
131326,run-83d9d8cb-50d5-46af-acad-71ff3b582b21,2026-07-20 06:43:19.989+00,4990.471308890450000000,4989.678046040000000000,-0.007848403566886364,5000.000000000000000000,2026-07-20,,83d9d8cb-50d5-46af-acad-71ff3b582b21,testnet
131325,run-83d9d8cb-50d5-46af-acad-71ff3b582b21,2026-07-20 06:43:14.987+00,4990.471390015450000000,4989.678046040000000000,-0.007767278566886364,5000.000000000000000000,2026-07-20,,83d9d8cb-50d5-46af-acad-71ff3b582b21,testnet
131324,run-83d9d8cb-50d5-46af-acad-71ff3b582b21,2026-07-20 06:43:09.961+00,4990.471573689550000000,4989.678046040000000000,-0.007583604466886364,5000.000000000000000000,2026-07-20,,83d9d8cb-50d5-46af-acad-71ff3b582b21,testnet
131323,run-83d9d8cb-50d5-46af-acad-71ff3b582b21,2026-07-20 06:43:04.94+00,4990.471644130450000000,4989.678046040000000000,-0.007513163566886364,5000.000000000000000000,2026-07-20,,83d9d8cb-50d5-46af-acad-71ff3b582b21,testnet
131322,run-83d9d8cb-50d5-46af-acad-71ff3b582b21,2026-07-20 06:42:59.937+00,4990.471819314550000000,4989.678046040000000000,-0.007337979466886364,5000.000000000000000000,2026-07-20,,83d9d8cb-50d5-46af-acad-71ff3b582b21,testnet
131321,run-83d9d8cb-50d5-46af-acad-71ff3b582b21,2026-07-20 06:42:54.926+00,4990.471839304550000000,4989.678046040000000000,-0.007317989466886364,5000.000000000000000000,2026-07-20,,83d9d8cb-50d5-46af-acad-71ff3b582b21,testnet
131320,run-83d9d8cb-50d5-46af-acad-71ff3b582b21,2026-07-20 06:42:49.895+00,4990.471970769450000000,4989.678046040000000000,-0.007186524566886364,5000.000000000000000000,2026-07-20,,83d9d8cb-50d5-46af-acad-71ff3b582b21,testnet
131319,run-83d9d8cb-50d5-46af-acad-71ff3b582b21,2026-07-20 06:42:44.861+00,4990.472229928150000000,4989.678046040000000000,-0.006927365866886364,5000.000000000000000000,2026-07-20,,83d9d8cb-50d5-46af-acad-71ff3b582b21,testnet
131318,run-83d9d8cb-50d5-46af-acad-71ff3b582b21,2026-07-20 06:42:39.841+00,4990.472192934550000000,4989.678046040000000000,-0.006964359466886364,5000.000000000000000000,2026-07-20,,83d9d8cb-50d5-46af-acad-71ff3b582b21,testnet
131317,run-83d9d8cb-50d5-46af-acad-71ff3b582b21,2026-07-20 06:42:34.837+00,4990.472225012150000000,4989.678046040000000000,-0.006932281866886364,5000.000000000000000000,2026-07-20,,83d9d8cb-50d5-46af-acad-71ff3b582b21,testnet
131316,run-83d9d8cb-50d5-46af-acad-71ff3b582b21,2026-07-20 06:42:29.82+00,4990.471786059250000000,4989.678046040000000000,-0.007371234766886364,5000.000000000000000000,2026-07-20,,83d9d8cb-50d5-46af-acad-71ff3b582b21,testnet
131315,run-83d9d8cb-50d5-46af-acad-71ff3b582b21,2026-07-20 06:42:24.787+00,4990.472218119550000000,4989.678046040000000000,-0.006939174466886364,5000.000000000000000000,2026-07-20,,83d9d8cb-50d5-46af-acad-71ff3b582b21,testnet
131314,run-83d9d8cb-50d5-46af-acad-71ff3b582b21,2026-07-20 06:42:19.784+00,4990.472208494550000000,4989.678046040000000000,-0.006948799466886364,5000.000000000000000000,2026-07-20,,83d9d8cb-50d5-46af-acad-71ff3b582b21,testnet
131313,run-83d9d8cb-50d5-46af-acad-71ff3b582b21,2026-07-20 06:42:14.775+00,4990.472140799550000000,4989.678046040000000000,-0.007016494466886364,5000.000000000000000000,2026-07-20,,83d9d8cb-50d5-46af-acad-71ff3b582b21,testnet
131312,run-83d9d8cb-50d5-46af-acad-71ff3b582b21,2026-07-20 06:42:09.765+00,4990.472375389550000000,4989.678046040000000000,-0.006781904466886364,5000.000000000000000000,2026-07-20,,83d9d8cb-50d5-46af-acad-71ff3b582b21,testnet
131311,run-83d9d8cb-50d5-46af-acad-71ff3b582b21,2026-07-20 06:42:04.755+00,4990.472371124550000000,4989.678046040000000000,-0.006786169466886364,5000.000000000000000000,2026-07-20,,83d9d8cb-50d5-46af-acad-71ff3b582b21,testnet
131310,run-83d9d8cb-50d5-46af-acad-71ff3b582b21,2026-07-20 06:41:59.747+00,4990.472025180750000000,4989.678046040000000000,-0.007132113266886364,5000.000000000000000000,2026-07-20,,83d9d8cb-50d5-46af-acad-71ff3b582b21,testnet
131309,run-83d9d8cb-50d5-46af-acad-71ff3b582b21,2026-07-20 06:41:54.721+00,4990.471958144350000000,4989.678046040000000000,-0.007199149666886364,5000.000000000000000000,2026-07-20,,83d9d8cb-50d5-46af-acad-71ff3b582b21,testnet
131308,run-83d9d8cb-50d5-46af-acad-71ff3b582b21,2026-07-20 06:41:49.707+00,4990.471917829550000000,4989.678046040000000000,-0.007239464466886364,5000.000000000000000000,2026-07-20,,83d9d8cb-50d5-46af-acad-71ff3b582b21,testnet
131307,run-83d9d8cb-50d5-46af-acad-71ff3b582b21,2026-07-20 06:41:44.673+00,4990.472110616450000000,4989.678046040000000000,-0.007046677566886364,5000.000000000000000000,2026-07-20,,83d9d8cb-50d5-46af-acad-71ff3b582b21,testnet
131306,run-83d9d8cb-50d5-46af-acad-71ff3b582b21,2026-07-20 06:41:39.662+00,4990.471990241450000000,4989.678046040000000000,-0.007167052566886364,5000.000000000000000000,2026-07-20,,83d9d8cb-50d5-46af-acad-71ff3b582b21,testnet
131305,run-83d9d8cb-50d5-46af-acad-71ff3b582b21,2026-07-20 06:41:34.657+00,4990.471886618950000000,4989.678046040000000000,-0.007270675066886364,5000.000000000000000000,2026-07-20,,83d9d8cb-50d5-46af-acad-71ff3b582b21,testnet
131304,run-83d9d8cb-50d5-46af-acad-71ff3b582b21,2026-07-20 06:41:29.644+00,4990.472002016950000000,4989.678046040000000000,-0.007155277066886364,5000.000000000000000000,2026-07-20,,83d9d8cb-50d5-46af-acad-71ff3b582b21,testnet
131303,run-83d9d8cb-50d5-46af-acad-71ff3b582b21,2026-07-20 06:41:24.645+00,4990.472195967650000000,4989.678046040000000000,-0.006961326366886364,5000.000000000000000000,2026-07-20,,83d9d8cb-50d5-46af-acad-71ff3b582b21,testnet
131302,run-83d9d8cb-50d5-46af-acad-71ff3b582b21,2026-07-20 06:41:19.626+00,4990.472273800250000000,4989.678046040000000000,-0.006883493766886364,5000.000000000000000000,2026-07-20,,83d9d8cb-50d5-46af-acad-71ff3b582b21,testnet
131301,run-83d9d8cb-50d5-46af-acad-71ff3b582b21,2026-07-20 06:41:14.614+00,4990.472264770250000000,4989.678046040000000000,-0.006892523766886364,5000.000000000000000000,2026-07-20,,83d9d8cb-50d5-46af-acad-71ff3b582b21,testnet
131300,run-83d9d8cb-50d5-46af-acad-71ff3b582b21,2026-07-20 06:41:09.613+00,4990.472258200250000000,4989.678046040000000000,-0.006899093766886364,5000.000000000000000000,2026-07-20,,83d9d8cb-50d5-46af-acad-71ff3b582b21,testnet
131299,run-83d9d8cb-50d5-46af-acad-71ff3b582b21,2026-07-20 06:41:04.603+00,4990.472094711350000000,4989.678046040000000000,-0.007062582666886364,5000.000000000000000000,2026-07-20,,83d9d8cb-50d5-46af-acad-71ff3b582b21,testnet
131298,run-83d9d8cb-50d5-46af-acad-71ff3b582b21,2026-07-20 06:40:59.571+00,4990.472032789150000000,4989.678046040000000000,-0.007124504866886364,5000.000000000000000000,2026-07-20,,83d9d8cb-50d5-46af-acad-71ff3b582b21,testnet
131297,run-83d9d8cb-50d5-46af-acad-71ff3b582b21,2026-07-20 06:40:54.568+00,4990.472252329550000000,4989.678046040000000000,-0.006904964466886364,5000.000000000000000000,2026-07-20,,83d9d8cb-50d5-46af-acad-71ff3b582b21,testnet
131296,run-83d9d8cb-50d5-46af-acad-71ff3b582b21,2026-07-20 06:40:49.563+00,4990.472433001350000000,4989.678046040000000000,-0.006724292666886364,5000.000000000000000000,2026-07-20,,83d9d8cb-50d5-46af-acad-71ff3b582b21,testnet
131295,run-83d9d8cb-50d5-46af-acad-71ff3b582b21,2026-07-20 06:40:44.561+00,4990.472230478150000000,4989.678046040000000000,-0.006926815866886364,5000.000000000000000000,2026-07-20,,83d9d8cb-50d5-46af-acad-71ff3b582b21,testnet
131294,run-83d9d8cb-50d5-46af-acad-71ff3b582b21,2026-07-20 06:40:39.537+00,4990.472037129550000000,4989.678046040000000000,-0.007120164466886364,5000.000000000000000000,2026-07-20,,83d9d8cb-50d5-46af-acad-71ff3b582b21,testnet
131293,run-83d9d8cb-50d5-46af-acad-71ff3b582b21,2026-07-20 06:40:34.528+00,4990.472022619550000000,4989.678046040000000000,-0.007134674466886364,5000.000000000000000000,2026-07-20,,83d9d8cb-50d5-46af-acad-71ff3b582b21,testnet
131292,run-83d9d8cb-50d5-46af-acad-71ff3b582b21,2026-07-20 06:40:29.503+00,4990.472041889550000000,4989.678046040000000000,-0.007115404466886364,5000.000000000000000000,2026-07-20,,83d9d8cb-50d5-46af-acad-71ff3b582b21,testnet
131291,run-83d9d8cb-50d5-46af-acad-71ff3b582b21,2026-07-20 06:40:24.494+00,4990.472051934550000000,4989.678046040000000000,-0.007105359466886364,5000.000000000000000000,2026-07-20,,83d9d8cb-50d5-46af-acad-71ff3b582b21,testnet
131290,run-83d9d8cb-50d5-46af-acad-71ff3b582b21,2026-07-20 06:40:19.489+00,4990.472016904550000000,4989.678046040000000000,-0.007140389466886364,5000.000000000000000000,2026-07-20,,83d9d8cb-50d5-46af-acad-71ff3b582b21,testnet
131289,run-83d9d8cb-50d5-46af-acad-71ff3b582b21,2026-07-20 06:40:14.469+00,4990.471969369550000000,4989.678046040000000000,-0.007187924466886364,5000.000000000000000000,2026-07-20,,83d9d8cb-50d5-46af-acad-71ff3b582b21,testnet
131288,run-83d9d8cb-50d5-46af-acad-71ff3b582b21,2026-07-20 06:40:09.464+00,4990.472001349550000000,4989.678046040000000000,-0.007155944466886364,5000.000000000000000000,2026-07-20,,83d9d8cb-50d5-46af-acad-71ff3b582b21,testnet
131287,run-83d9d8cb-50d5-46af-acad-71ff3b582b21,2026-07-20 06:40:04.434+00,4990.472034094550000000,4989.678046040000000000,-0.007123199466886364,5000.000000000000000000,2026-07-20,,83d9d8cb-50d5-46af-acad-71ff3b582b21,testnet
131286,run-83d9d8cb-50d5-46af-acad-71ff3b582b21,2026-07-20 06:39:59.417+00,4990.472175024550000000,4989.678046040000000000,-0.006982269466886364,5000.000000000000000000,2026-07-20,,83d9d8cb-50d5-46af-acad-71ff3b582b21,testnet
131285,run-83d9d8cb-50d5-46af-acad-71ff3b582b21,2026-07-20 06:39:54.409+00,4990.472195239650000000,4989.678046040000000000,-0.006962054366886364,5000.000000000000000000,2026-07-20,,83d9d8cb-50d5-46af-acad-71ff3b582b21,testnet
131284,run-83d9d8cb-50d5-46af-acad-71ff3b582b21,2026-07-20 06:39:49.394+00,4990.471992147350000000,4989.678046040000000000,-0.007165146666886364,5000.000000000000000000,2026-07-20,,83d9d8cb-50d5-46af-acad-71ff3b582b21,testnet
131283,run-83d9d8cb-50d5-46af-acad-71ff3b582b21,2026-07-20 06:39:44.361+00,4990.471954592350000000,4989.678046040000000000,-0.007202701666886364,5000.000000000000000000,2026-07-20,,83d9d8cb-50d5-46af-acad-71ff3b582b21,testnet
131282,run-83d9d8cb-50d5-46af-acad-71ff3b582b21,2026-07-20 06:39:39.348+00,4990.472242350050000000,4989.678046040000000000,-0.006914943966886364,5000.000000000000000000,2026-07-20,,83d9d8cb-50d5-46af-acad-71ff3b582b21,testnet
131281,run-83d9d8cb-50d5-46af-acad-71ff3b582b21,2026-07-20 06:39:34.345+00,4990.471999525950000000,4989.678046040000000000,-0.007157768066886364,5000.000000000000000000,2026-07-20,,83d9d8cb-50d5-46af-acad-71ff3b582b21,testnet
131280,run-83d9d8cb-50d5-46af-acad-71ff3b582b21,2026-07-20 06:39:29.334+00,4990.471876125450000000,4989.678046040000000000,-0.007281168566886364,5000.000000000000000000,2026-07-20,,83d9d8cb-50d5-46af-acad-71ff3b582b21,testnet
131279,run-83d9d8cb-50d5-46af-acad-71ff3b582b21,2026-07-20 06:39:24.321+00,4990.471922569550000000,4989.678046040000000000,-0.007234724466886364,5000.000000000000000000,2026-07-20,,83d9d8cb-50d5-46af-acad-71ff3b582b21,testnet
131278,run-83d9d8cb-50d5-46af-acad-71ff3b582b21,2026-07-20 06:39:19.272+00,4990.472038992050000000,4989.678046040000000000,-0.007118301966886364,5000.000000000000000000,2026-07-20,,83d9d8cb-50d5-46af-acad-71ff3b582b21,testnet
131277,run-83d9d8cb-50d5-46af-acad-71ff3b582b21,2026-07-20 06:39:14.26+00,4990.472178321350000000,4989.678046040000000000,-0.006978972666886364,5000.000000000000000000,2026-07-20,,83d9d8cb-50d5-46af-acad-71ff3b582b21,testnet
131276,run-83d9d8cb-50d5-46af-acad-71ff3b582b21,2026-07-20 06:39:09.259+00,4990.472135071350000000,4989.678046040000000000,-0.007022222666886364,5000.000000000000000000,2026-07-20,,83d9d8cb-50d5-46af-acad-71ff3b582b21,testnet
131275,run-83d9d8cb-50d5-46af-acad-71ff3b582b21,2026-07-20 06:39:04.244+00,4990.471823599550000000,4989.678046040000000000,-0.007333694466886364,5000.000000000000000000,2026-07-20,,83d9d8cb-50d5-46af-acad-71ff3b582b21,testnet
131274,run-83d9d8cb-50d5-46af-acad-71ff3b582b21,2026-07-20 06:38:59.237+00,4990.471812535450000000,4989.678046040000000000,-0.007344758566886364,5000.000000000000000000,2026-07-20,,83d9d8cb-50d5-46af-acad-71ff3b582b21,testnet
131273,run-83d9d8cb-50d5-46af-acad-71ff3b582b21,2026-07-20 06:38:54.217+00,4990.471764841350000000,4989.678046040000000000,-0.007392452666886364,5000.000000000000000000,2026-07-20,,83d9d8cb-50d5-46af-acad-71ff3b582b21,testnet
131272,run-83d9d8cb-50d5-46af-acad-71ff3b582b21,2026-07-20 06:38:49.173+00,4990.471710995250000000,4989.678046040000000000,-0.007446298766886364,5000.000000000000000000,2026-07-20,,83d9d8cb-50d5-46af-acad-71ff3b582b21,testnet
131271,run-83d9d8cb-50d5-46af-acad-71ff3b582b21,2026-07-20 06:38:44.148+00,4990.471622953150000000,4989.678046040000000000,-0.007534340866886364,5000.000000000000000000,2026-07-20,,83d9d8cb-50d5-46af-acad-71ff3b582b21,testnet
131270,run-83d9d8cb-50d5-46af-acad-71ff3b582b21,2026-07-20 06:38:39.122+00,4990.471716594450000000,4989.678046040000000000,-0.007440699566886364,5000.000000000000000000,2026-07-20,,83d9d8cb-50d5-46af-acad-71ff3b582b21,testnet
131269,run-83d9d8cb-50d5-46af-acad-71ff3b582b21,2026-07-20 06:38:34.101+00,4990.471614405450000000,4989.678046040000000000,-0.007542888566886364,5000.000000000000000000,2026-07-20,,83d9d8cb-50d5-46af-acad-71ff3b582b21,testnet
131268,run-83d9d8cb-50d5-46af-acad-71ff3b582b21,2026-07-20 06:38:29.077+00,4990.471453920550000000,4989.678046040000000000,-0.007703373466886364,5000.000000000000000000,2026-07-20,,83d9d8cb-50d5-46af-acad-71ff3b582b21,testnet
131267,run-83d9d8cb-50d5-46af-acad-71ff3b582b21,2026-07-20 06:38:24.059+00,4990.471394750550000000,4989.678046040000000000,-0.007762543466886364,5000.000000000000000000,2026-07-20,,83d9d8cb-50d5-46af-acad-71ff3b582b21,testnet
131266,run-83d9d8cb-50d5-46af-acad-71ff3b582b21,2026-07-20 06:38:19.054+00,4990.471118774550000000,4989.678046040000000000,-0.008038519466886364,5000.000000000000000000,2026-07-20,,83d9d8cb-50d5-46af-acad-71ff3b582b21,testnet
131265,run-83d9d8cb-50d5-46af-acad-71ff3b582b21,2026-07-20 06:38:14.037+00,4990.471126008850000000,4989.678046040000000000,-0.008031285166886364,5000.000000000000000000,2026-07-20,,83d9d8cb-50d5-46af-acad-71ff3b582b21,testnet
131264,run-83d9d8cb-50d5-46af-acad-71ff3b582b21,2026-07-20 06:38:09.032+00,4990.471073755450000000,4989.678046040000000000,-0.008083538566886364,5000.000000000000000000,2026-07-20,,83d9d8cb-50d5-46af-acad-71ff3b582b21,testnet
131263,run-83d9d8cb-50d5-46af-acad-71ff3b582b21,2026-07-20 06:38:04.029+00,4990.471059155450000000,4989.678046040000000000,-0.008098138566886364,5000.000000000000000000,2026-07-20,,83d9d8cb-50d5-46af-acad-71ff3b582b21,testnet
131262,run-83d9d8cb-50d5-46af-acad-71ff3b582b21,2026-07-20 06:37:59.012+00,4990.470846554550000000,4989.678046040000000000,-0.008310739466886364,5000.000000000000000000,2026-07-20,,83d9d8cb-50d5-46af-acad-71ff3b582b21,testnet
131261,run-83d9d8cb-50d5-46af-acad-71ff3b582b21,2026-07-20 06:37:53.992+00,4990.470866129550000000,4989.678046040000000000,-0.008291164466886364,5000.000000000000000000,2026-07-20,,83d9d8cb-50d5-46af-acad-71ff3b582b21,testnet
131260,run-83d9d8cb-50d5-46af-acad-71ff3b582b21,2026-07-20 06:37:48.967+00,4990.471067968150000000,4989.678046040000000000,-0.008089325866886364,5000.000000000000000000,2026-07-20,,83d9d8cb-50d5-46af-acad-71ff3b582b21,testnet
131259,run-83d9d8cb-50d5-46af-acad-71ff3b582b21,2026-07-20 06:37:43.937+00,4990.470957424250000000,4989.678046040000000000,-0.008199869766886364,5000.000000000000000000,2026-07-20,,83d9d8cb-50d5-46af-acad-71ff3b582b21,testnet
131258,run-83d9d8cb-50d5-46af-acad-71ff3b582b21,2026-07-20 06:37:38.924+00,4990.470809000450000000,4989.678046040000000000,-0.008348293566886364,5000.000000000000000000,2026-07-20,,83d9d8cb-50d5-46af-acad-71ff3b582b21,testnet
131257,run-83d9d8cb-50d5-46af-acad-71ff3b582b21,2026-07-20 06:37:33.918+00,4990.470671447450000000,4989.678046040000000000,-0.008485846566886364,5000.000000000000000000,2026-07-20,,83d9d8cb-50d5-46af-acad-71ff3b582b21,testnet
131256,run-83d9d8cb-50d5-46af-acad-71ff3b582b21,2026-07-20 06:37:28.894+00,4990.470203922650000000,4989.678046040000000000,-0.008953371366886364,5000.000000000000000000,2026-07-20,,83d9d8cb-50d5-46af-acad-71ff3b582b21,testnet
131255,run-83d9d8cb-50d5-46af-acad-71ff3b582b21,2026-07-20 06:37:23.881+00,4990.470749456050000000,4989.678046040000000000,-0.008407837966886364,5000.000000000000000000,2026-07-20,,83d9d8cb-50d5-46af-acad-71ff3b582b21,testnet
131254,run-83d9d8cb-50d5-46af-acad-71ff3b582b21,2026-07-20 06:37:18.856+00,4990.470616615250000000,4989.678046040000000000,-0.008540678766886364,5000.000000000000000000,2026-07-20,,83d9d8cb-50d5-46af-acad-71ff3b582b21,testnet
131253,run-83d9d8cb-50d5-46af-acad-71ff3b582b21,2026-07-20 06:37:13.834+00,4990.470704741150000000,4989.678046040000000000,-0.008452552866886364,5000.000000000000000000,2026-07-20,,83d9d8cb-50d5-46af-acad-71ff3b582b21,testnet
131252,run-83d9d8cb-50d5-46af-acad-71ff3b582b21,2026-07-20 06:37:08.819+00,4990.470889341150000000,4989.678046040000000000,-0.008267952866886364,5000.000000000000000000,2026-07-20,,83d9d8cb-50d5-46af-acad-71ff3b582b21,testnet
131251,run-83d9d8cb-50d5-46af-acad-71ff3b582b21,2026-07-20 06:37:03.812+00,4990.470979195450000000,4989.678046040000000000,-0.008178098566886364,5000.000000000000000000,2026-07-20,,83d9d8cb-50d5-46af-acad-71ff3b582b21,testnet
131250,run-83d9d8cb-50d5-46af-acad-71ff3b582b21,2026-07-20 06:36:58.794+00,4990.471003940450000000,4989.678046040000000000,-0.008153353566886364,5000.000000000000000000,2026-07-20,,83d9d8cb-50d5-46af-acad-71ff3b582b21,testnet
131249,run-83d9d8cb-50d5-46af-acad-71ff3b582b21,2026-07-20 06:36:53.76+00,4990.471022048650000000,4989.678046040000000000,-0.008135245366886364,5000.000000000000000000,2026-07-20,,83d9d8cb-50d5-46af-acad-71ff3b582b21,testnet
131248,run-83d9d8cb-50d5-46af-acad-71ff3b582b21,2026-07-20 06:36:48.753+00,4990.471697024550000000,4989.678046040000000000,-0.007460269466886364,5000.000000000000000000,2026-07-20,,83d9d8cb-50d5-46af-acad-71ff3b582b21,testnet
131247,run-83d9d8cb-50d5-46af-acad-71ff3b582b21,2026-07-20 06:36:43.736+00,4990.471768460550000000,4989.678046040000000000,-0.007388833466886364,5000.000000000000000000,2026-07-20,,83d9d8cb-50d5-46af-acad-71ff3b582b21,testnet
131246,run-83d9d8cb-50d5-46af-acad-71ff3b582b21,2026-07-20 06:36:38.719+00,4990.471802179550000000,4989.678046040000000000,-0.007355114466886364,5000.000000000000000000,2026-07-20,,83d9d8cb-50d5-46af-acad-71ff3b582b21,testnet
131245,run-83d9d8cb-50d5-46af-acad-71ff3b582b21,2026-07-20 06:36:33.695+00,4990.471735209550000000,4989.678046040000000000,-0.007422084466886364,5000.000000000000000000,2026-07-20,,83d9d8cb-50d5-46af-acad-71ff3b582b21,testnet
131244,run-83d9d8cb-50d5-46af-acad-71ff3b582b21,2026-07-20 06:36:28.695+00,4990.471754434550000000,4989.678046040000000000,-0.007402859466886364,5000.000000000000000000,2026-07-20,,83d9d8cb-50d5-46af-acad-71ff3b582b21,testnet
131243,run-83d9d8cb-50d5-46af-acad-71ff3b582b21,2026-07-20 06:36:23.666+00,4990.471869571850000000,4989.678046040000000000,-0.007287722166886364,5000.000000000000000000,2026-07-20,,83d9d8cb-50d5-46af-acad-71ff3b582b21,testnet
131242,run-83d9d8cb-50d5-46af-acad-71ff3b582b21,2026-07-20 06:36:18.653+00,4990.471961414550000000,4989.678046040000000000,-0.007195879466886364,5000.000000000000000000,2026-07-20,,83d9d8cb-50d5-46af-acad-71ff3b582b21,testnet
131241,run-83d9d8cb-50d5-46af-acad-71ff3b582b21,2026-07-20 06:36:13.646+00,4990.472108075450000000,4989.678046040000000000,-0.007049218566886364,5000.000000000000000000,2026-07-20,,83d9d8cb-50d5-46af-acad-71ff3b582b21,testnet
131240,run-83d9d8cb-50d5-46af-acad-71ff3b582b21,2026-07-20 06:36:08.642+00,4990.471934465750000000,4989.678046040000000000,-0.007222828266886364,5000.000000000000000000,2026-07-20,,83d9d8cb-50d5-46af-acad-71ff3b582b21,testnet
131239,run-83d9d8cb-50d5-46af-acad-71ff3b582b21,2026-07-20 06:36:03.638+00,4990.471991839550000000,4989.678046040000000000,-0.007165454466886364,5000.000000000000000000,2026-07-20,,83d9d8cb-50d5-46af-acad-71ff3b582b21,testnet
131238,run-83d9d8cb-50d5-46af-acad-71ff3b582b21,2026-07-20 06:35:58.627+00,4990.472139435550000000,4989.678046040000000000,-0.007017858466886364,5000.000000000000000000,2026-07-20,,83d9d8cb-50d5-46af-acad-71ff3b582b21,testnet
131237,run-83d9d8cb-50d5-46af-acad-71ff3b582b21,2026-07-20 06:35:53.613+00,4990.472118869550000000,4989.678046040000000000,-0.007038424466886364,5000.000000000000000000,2026-07-20,,83d9d8cb-50d5-46af-acad-71ff3b582b21,testnet
131236,run-83d9d8cb-50d5-46af-acad-71ff3b582b21,2026-07-20 06:35:48.588+00,4990.472465934550000000,4989.678046040000000000,-0.006691359466886364,5000.000000000000000000,2026-07-20,,83d9d8cb-50d5-46af-acad-71ff3b582b21,testnet
131235,run-83d9d8cb-50d5-46af-acad-71ff3b582b21,2026-07-20 06:35:43.587+00,4990.472615519550000000,4989.678046040000000000,-0.006541774466886364,5000.000000000000000000,2026-07-20,,83d9d8cb-50d5-46af-acad-71ff3b582b21,testnet
131234,run-83d9d8cb-50d5-46af-acad-71ff3b582b21,2026-07-20 06:35:38.558+00,4990.472783419550000000,4989.678046040000000000,-0.006373874466886364,5000.000000000000000000,2026-07-20,,83d9d8cb-50d5-46af-acad-71ff3b582b21,testnet
131233,run-83d9d8cb-50d5-46af-acad-71ff3b582b21,2026-07-20 06:35:33.551+00,4990.472908649550000000,4989.678046040000000000,-0.006248644466886364,5000.000000000000000000,2026-07-20,,83d9d8cb-50d5-46af-acad-71ff3b582b21,testnet
131232,run-83d9d8cb-50d5-46af-acad-71ff3b582b21,2026-07-20 06:35:28.54+00,4990.473014289550000000,4989.678046040000000000,-0.006143004466886364,5000.000000000000000000,2026-07-20,,83d9d8cb-50d5-46af-acad-71ff3b582b21,testnet
131231,run-83d9d8cb-50d5-46af-acad-71ff3b582b21,2026-07-20 06:35:23.52+00,4990.472983705450000000,4989.678046040000000000,-0.006173588566886364,5000.000000000000000000,2026-07-20,,83d9d8cb-50d5-46af-acad-71ff3b582b21,testnet
131230,run-83d9d8cb-50d5-46af-acad-71ff3b582b21,2026-07-20 06:35:18.511+00,4990.472741385450000000,4989.678046040000000000,-0.006415908566886364,5000.000000000000000000,2026-07-20,,83d9d8cb-50d5-46af-acad-71ff3b582b21,testnet
131229,run-83d9d8cb-50d5-46af-acad-71ff3b582b21,2026-07-20 06:35:13.486+00,4990.472850167150000000,4989.678046040000000000,-0.006307126866886364,5000.000000000000000000,2026-07-20,,83d9d8cb-50d5-46af-acad-71ff3b582b21,testnet
131228,run-83d9d8cb-50d5-46af-acad-71ff3b582b21,2026-07-20 06:35:08.443+00,4990.472910660450000000,4989.678046040000000000,-0.006246633566886364,5000.000000000000000000,2026-07-20,,83d9d8cb-50d5-46af-acad-71ff3b582b21,testnet
131227,run-83d9d8cb-50d5-46af-acad-71ff3b582b21,2026-07-20 06:35:03.433+00,4990.472880097350000000,4989.678046040000000000,-0.006277196666886364,5000.000000000000000000,2026-07-20,,83d9d8cb-50d5-46af-acad-71ff3b582b21,testnet
131226,run-83d9d8cb-50d5-46af-acad-71ff3b582b21,2026-07-20 06:34:58.411+00,4990.472877574550000000,4989.678046040000000000,-0.006279719466886364,5000.000000000000000000,2026-07-20,,83d9d8cb-50d5-46af-acad-71ff3b582b21,testnet
131225,run-83d9d8cb-50d5-46af-acad-71ff3b582b21,2026-07-20 06:34:53.407+00,4990.472810160450000000,4989.678046040000000000,-0.006347133566886364,5000.000000000000000000,2026-07-20,,83d9d8cb-50d5-46af-acad-71ff3b582b21,testnet
131224,run-83d9d8cb-50d5-46af-acad-71ff3b582b21,2026-07-20 06:34:48.397+00,4990.472852702650000000,4989.678046040000000000,-0.006304591366886364,5000.000000000000000000,2026-07-20,,83d9d8cb-50d5-46af-acad-71ff3b582b21,testnet
131223,run-83d9d8cb-50d5-46af-acad-71ff3b582b21,2026-07-20 06:34:43.386+00,4990.472819977650000000,4989.678046040000000000,-0.006337316366886364,5000.000000000000000000,2026-07-20,,83d9d8cb-50d5-46af-acad-71ff3b582b21,testnet
131222,run-83d9d8cb-50d5-46af-acad-71ff3b582b21,2026-07-20 06:34:38.361+00,4990.472877546750000000,4989.678046040000000000,-0.006279747266886364,5000.000000000000000000,2026-07-20,,83d9d8cb-50d5-46af-acad-71ff3b582b21,testnet
131221,run-83d9d8cb-50d5-46af-acad-71ff3b582b21,2026-07-20 06:34:33.352+00,4990.472857204450000000,4989.678046040000000000,-0.006300089566886364,5000.000000000000000000,2026-07-20,,83d9d8cb-50d5-46af-acad-71ff3b582b21,testnet
131220,run-83d9d8cb-50d5-46af-acad-71ff3b582b21,2026-07-20 06:34:28.317+00,4990.472954453050000000,4989.678046040000000000,-0.006202840966886364,5000.000000000000000000,2026-07-20,,83d9d8cb-50d5-46af-acad-71ff3b582b21,testnet
131219,run-83d9d8cb-50d5-46af-acad-71ff3b582b21,2026-07-20 06:34:23.309+00,4990.473073878950000000,4989.678046040000000000,-0.006083415066886364,5000.000000000000000000,2026-07-20,,83d9d8cb-50d5-46af-acad-71ff3b582b21,testnet
131218,run-83d9d8cb-50d5-46af-acad-71ff3b582b21,2026-07-20 06:34:18.303+00,4990.473065808950000000,4989.678046040000000000,-0.006091485066886364,5000.000000000000000000,2026-07-20,,83d9d8cb-50d5-46af-acad-71ff3b582b21,testnet
131217,run-83d9d8cb-50d5-46af-acad-71ff3b582b21,2026-07-20 06:34:13.283+00,4990.473039302650000000,4989.678046040000000000,-0.006117991366886364,5000.000000000000000000,2026-07-20,,83d9d8cb-50d5-46af-acad-71ff3b582b21,testnet
131216,run-83d9d8cb-50d5-46af-acad-71ff3b582b21,2026-07-20 06:34:08.249+00,4990.472861005450000000,4989.678046040000000000,-0.006296288566886364,5000.000000000000000000,2026-07-20,,83d9d8cb-50d5-46af-acad-71ff3b582b21,testnet
131215,run-83d9d8cb-50d5-46af-acad-71ff3b582b21,2026-07-20 06:34:03.242+00,4990.472667365450000000,4989.678046040000000000,-0.006489928566886364,5000.000000000000000000,2026-07-20,,83d9d8cb-50d5-46af-acad-71ff3b582b21,testnet
131214,run-83d9d8cb-50d5-46af-acad-71ff3b582b21,2026-07-20 06:33:58.227+00,4990.472140745250000000,4989.678046040000000000,-0.007016548766886364,5000.000000000000000000,2026-07-20,,83d9d8cb-50d5-46af-acad-71ff3b582b21,testnet
131213,run-83d9d8cb-50d5-46af-acad-71ff3b582b21,2026-07-20 06:33:53.219+00,4990.471844564550000000,4989.678046040000000000,-0.007312729466886364,5000.000000000000000000,2026-07-20,,83d9d8cb-50d5-46af-acad-71ff3b582b21,testnet
131212,run-83d9d8cb-50d5-46af-acad-71ff3b582b21,2026-07-20 06:33:48.207+00,4990.471981060450000000,4989.678046040000000000,-0.007176233566886364,5000.000000000000000000,2026-07-20,,83d9d8cb-50d5-46af-acad-71ff3b582b21,testnet
131211,run-83d9d8cb-50d5-46af-acad-71ff3b582b21,2026-07-20 06:33:43.203+00,4990.471961692850000000,4989.678046040000000000,-0.007195601166886364,5000.000000000000000000,2026-07-20,,83d9d8cb-50d5-46af-acad-71ff3b582b21,testnet
131210,run-83d9d8cb-50d5-46af-acad-71ff3b582b21,2026-07-20 06:33:38.188+00,4990.472022459650000000,4989.678046040000000000,-0.007134834366886364,5000.000000000000000000,2026-07-20,,83d9d8cb-50d5-46af-acad-71ff3b582b21,testnet
131209,run-83d9d8cb-50d5-46af-acad-71ff3b582b21,2026-07-20 06:33:33.159+00,4990.472014682350000000,4989.678046040000000000,-0.007142611666886364,5000.000000000000000000,2026-07-20,,83d9d8cb-50d5-46af-acad-71ff3b582b21,testnet
131208,run-83d9d8cb-50d5-46af-acad-71ff3b582b21,2026-07-20 06:33:28.151+00,4990.472182195650000000,4989.678046040000000000,-0.006975098366886364,5000.000000000000000000,2026-07-20,,83d9d8cb-50d5-46af-acad-71ff3b582b21,testnet
131207,run-83d9d8cb-50d5-46af-acad-71ff3b582b21,2026-07-20 06:33:23.133+00,4990.472954213000000000,4989.678046040000000000,-0.006203081016886364,5000.000000000000000000,2026-07-20,,83d9d8cb-50d5-46af-acad-71ff3b582b21,testnet
131206,run-83d9d8cb-50d5-46af-acad-71ff3b582b21,2026-07-20 06:33:18.13+00,4990.473657069550000000,4989.678046040000000000,-0.005500224466886364,5000.000000000000000000,2026-07-20,,83d9d8cb-50d5-46af-acad-71ff3b582b21,testnet
131205,run-83d9d8cb-50d5-46af-acad-71ff3b582b21,2026-07-20 06:33:13.122+00,4990.473722374550000000,4989.678046040000000000,-0.005434919466886364,5000.000000000000000000,2026-07-20,,83d9d8cb-50d5-46af-acad-71ff3b582b21,testnet
131204,run-83d9d8cb-50d5-46af-acad-71ff3b582b21,2026-07-20 06:33:08.116+00,4990.473818992950000000,4989.678046040000000000,-0.005338301066886364,5000.000000000000000000,2026-07-20,,83d9d8cb-50d5-46af-acad-71ff3b582b21,testnet
131203,run-83d9d8cb-50d5-46af-acad-71ff3b582b21,2026-07-20 06:33:03.114+00,4990.473938637950000000,4989.678046040000000000,-0.005218656066886364,5000.000000000000000000,2026-07-20,,83d9d8cb-50d5-46af-acad-71ff3b582b21,testnet
131202,run-83d9d8cb-50d5-46af-acad-71ff3b582b21,2026-07-20 06:32:58.107+00,4990.474318435450000000,4989.678046040000000000,-0.004838858566886364,5000.000000000000000000,2026-07-20,,83d9d8cb-50d5-46af-acad-71ff3b582b21,testnet
131201,run-83d9d8cb-50d5-46af-acad-71ff3b582b21,2026-07-20 06:32:53.088+00,4990.474363535450000000,4989.678046040000000000,-0.004793758566886364,5000.000000000000000000,2026-07-20,,83d9d8cb-50d5-46af-acad-71ff3b582b21,testnet
131200,run-83d9d8cb-50d5-46af-acad-71ff3b582b21,2026-07-20 06:32:48.062+00,4990.474237255450000000,4989.678046040000000000,-0.004920038566886364,5000.000000000000000000,2026-07-20,,83d9d8cb-50d5-46af-acad-71ff3b582b21,testnet
131199,run-83d9d8cb-50d5-46af-acad-71ff3b582b21,2026-07-20 06:32:43.023+00,4990.474179350450000000,4989.678046040000000000,-0.004977943566886364,5000.000000000000000000,2026-07-20,,83d9d8cb-50d5-46af-acad-71ff3b582b21,testnet
131198,run-83d9d8cb-50d5-46af-acad-71ff3b582b21,2026-07-20 06:32:37.989+00,4990.474083929150000000,4989.678046040000000000,-0.005073364866886364,5000.000000000000000000,2026-07-20,,83d9d8cb-50d5-46af-acad-71ff3b582b21,testnet
131197,run-83d9d8cb-50d5-46af-acad-71ff3b582b21,2026-07-20 06:32:32.972+00,4990.474149540450000000,4989.678046040000000000,-0.005007753566886364,5000.000000000000000000,2026-07-20,,83d9d8cb-50d5-46af-acad-71ff3b582b21,testnet
131196,run-83d9d8cb-50d5-46af-acad-71ff3b582b21,2026-07-20 06:32:27.936+00,4990.474174240450000000,4989.678046040000000000,-0.004983053566886364,5000.000000000000000000,2026-07-20,,83d9d8cb-50d5-46af-acad-71ff3b582b21,testnet
131195,run-83d9d8cb-50d5-46af-acad-71ff3b582b21,2026-07-20 06:32:22.932+00,4990.474101148050000000,4989.678046040000000000,-0.005056145966886364,5000.000000000000000000,2026-07-20,,83d9d8cb-50d5-46af-acad-71ff3b582b21,testnet
131194,run-83d9d8cb-50d5-46af-acad-71ff3b582b21,2026-07-20 06:32:17.93+00,4990.474423565450000000,4989.678046040000000000,-0.004733728566886364,5000.000000000000000000,2026-07-20,,83d9d8cb-50d5-46af-acad-71ff3b582b21,testnet
131193,run-83d9d8cb-50d5-46af-acad-71ff3b582b21,2026-07-20 06:32:12.921+00,4990.474294833450000000,4989.678046040000000000,-0.004862460566886364,5000.000000000000000000,2026-07-20,,83d9d8cb-50d5-46af-acad-71ff3b582b21,testnet
131192,run-83d9d8cb-50d5-46af-acad-71ff3b582b21,2026-07-20 06:32:07.9+00,4990.474344639550000000,4989.678046040000000000,-0.004812654466886364,5000.000000000000000000,2026-07-20,,83d9d8cb-50d5-46af-acad-71ff3b582b21,testnet
131191,run-83d9d8cb-50d5-46af-acad-71ff3b582b21,2026-07-20 06:32:02.899+00,4990.474507969550000000,4989.678046040000000000,-0.004649324466886364,5000.000000000000000000,2026-07-20,,83d9d8cb-50d5-46af-acad-71ff3b582b21,testnet
131190,run-83d9d8cb-50d5-46af-acad-71ff3b582b21,2026-07-20 06:31:57.896+00,4990.474659469550000000,4989.678046040000000000,-0.004497824466886364,5000.000000000000000000,2026-07-20,,83d9d8cb-50d5-46af-acad-71ff3b582b21,testnet
131189,run-83d9d8cb-50d5-46af-acad-71ff3b582b21,2026-07-20 06:31:52.88+00,4990.474689529550000000,4989.678046040000000000,-0.004467764466886364,5000.000000000000000000,2026-07-20,,83d9d8cb-50d5-46af-acad-71ff3b582b21,testnet
131188,run-83d9d8cb-50d5-46af-acad-71ff3b582b21,2026-07-20 06:31:47.861+00,4990.474810361550000000,4989.678046040000000000,-0.004346932466886364,5000.000000000000000000,2026-07-20,,83d9d8cb-50d5-46af-acad-71ff3b582b21,testnet
131187,run-83d9d8cb-50d5-46af-acad-71ff3b582b21,2026-07-20 06:31:42.86+00,4990.474810361550000000,4989.678046040000000000,-0.004346932466886364,5000.000000000000000000,2026-07-20,,83d9d8cb-50d5-46af-acad-71ff3b582b21,testnet
131186,run-83d9d8cb-50d5-46af-acad-71ff3b582b21,2026-07-20 06:31:37.827+00,4990.474787870450000000,4989.678046040000000000,-0.004369423566886364,5000.000000000000000000,2026-07-20,,83d9d8cb-50d5-46af-acad-71ff3b582b21,testnet
131185,run-83d9d8cb-50d5-46af-acad-71ff3b582b21,2026-07-20 06:31:32.795+00,4990.474653270450000000,4989.678046040000000000,-0.004504023566886364,5000.000000000000000000,2026-07-20,,83d9d8cb-50d5-46af-acad-71ff3b582b21,testnet
131184,run-83d9d8cb-50d5-46af-acad-71ff3b582b21,2026-07-20 06:31:27.786+00,4990.474648705450000000,4989.678046040000000000,-0.004508588566886364,5000.000000000000000000,2026-07-20,,83d9d8cb-50d5-46af-acad-71ff3b582b21,testnet
131183,run-83d9d8cb-50d5-46af-acad-71ff3b582b21,2026-07-20 06:31:22.752+00,4990.474609195450000000,4989.678046040000000000,-0.004548098566886364,5000.000000000000000000,2026-07-20,,83d9d8cb-50d5-46af-acad-71ff3b582b21,testnet
131182,run-83d9d8cb-50d5-46af-acad-71ff3b582b21,2026-07-20 06:31:17.746+00,4990.474500630450000000,4989.678046040000000000,-0.004656663566886364,5000.000000000000000000,2026-07-20,,83d9d8cb-50d5-46af-acad-71ff3b582b21,testnet
131181,run-83d9d8cb-50d5-46af-acad-71ff3b582b21,2026-07-20 06:31:12.739+00,4990.474514160450000000,4989.678046040000000000,-0.004643133566886364,5000.000000000000000000,2026-07-20,,83d9d8cb-50d5-46af-acad-71ff3b582b21,testnet
131180,run-83d9d8cb-50d5-46af-acad-71ff3b582b21,2026-07-20 06:31:07.702+00,4990.474534930450000000,4989.678046040000000000,-0.004622363566886364,5000.000000000000000000,2026-07-20,,83d9d8cb-50d5-46af-acad-71ff3b582b21,testnet
131179,run-83d9d8cb-50d5-46af-acad-71ff3b582b21,2026-07-20 06:31:02.691+00,4990.474571010450000000,4989.678046040000000000,-0.004586283566886364,5000.000000000000000000,2026-07-20,,83d9d8cb-50d5-46af-acad-71ff3b582b21,testnet
131178,run-83d9d8cb-50d5-46af-acad-71ff3b582b21,2026-07-20 06:30:57.682+00,4990.474575404250000000,4989.678046040000000000,-0.004581889766886364,5000.000000000000000000,2026-07-20,,83d9d8cb-50d5-46af-acad-71ff3b582b21,testnet
131177,run-83d9d8cb-50d5-46af-acad-71ff3b582b21,2026-07-20 06:30:52.68+00,4990.474442695450000000,4989.678046040000000000,-0.004714598566886364,5000.000000000000000000,2026-07-20,,83d9d8cb-50d5-46af-acad-71ff3b582b21,testnet
131176,run-83d9d8cb-50d5-46af-acad-71ff3b582b21,2026-07-20 06:30:47.641+00,4990.474417455450000000,4989.678046040000000000,-0.004739838566886364,5000.000000000000000000,2026-07-20,,83d9d8cb-50d5-46af-acad-71ff3b582b21,testnet
131175,run-83d9d8cb-50d5-46af-acad-71ff3b582b21,2026-07-20 06:30:42.63+00,4990.474394170450000000,4989.678046040000000000,-0.004763123566886364,5000.000000000000000000,2026-07-20,,83d9d8cb-50d5-46af-acad-71ff3b582b21,testnet
131174,run-83d9d8cb-50d5-46af-acad-71ff3b582b21,2026-07-20 06:30:37.62+00,4990.474282914550000000,4989.678046040000000000,-0.004874379466886364,5000.000000000000000000,2026-07-20,,83d9d8cb-50d5-46af-acad-71ff3b582b21,testnet
131173,run-83d9d8cb-50d5-46af-acad-71ff3b582b21,2026-07-20 06:30:32.598+00,4990.474309179550000000,4989.678046040000000000,-0.004848114466886364,5000.000000000000000000,2026-07-20,,83d9d8cb-50d5-46af-acad-71ff3b582b21,testnet
131172,run-83d9d8cb-50d5-46af-acad-71ff3b582b21,2026-07-20 06:30:27.576+00,4990.474391217050000000,4989.678046040000000000,-0.004766076966886364,5000.000000000000000000,2026-07-20,,83d9d8cb-50d5-46af-acad-71ff3b582b21,testnet
131171,run-83d9d8cb-50d5-46af-acad-71ff3b582b21,2026-07-20 06:30:22.569+00,4990.474351407850000000,4989.678046040000000000,-0.004805886166886364,5000.000000000000000000,2026-07-20,,83d9d8cb-50d5-46af-acad-71ff3b582b21,testnet
131170,run-83d9d8cb-50d5-46af-acad-71ff3b582b21,2026-07-20 06:30:17.565+00,4990.474508709550000000,4989.678046040000000000,-0.004648584466886364,5000.000000000000000000,2026-07-20,,83d9d8cb-50d5-46af-acad-71ff3b582b21,testnet
131169,run-83d9d8cb-50d5-46af-acad-71ff3b582b21,2026-07-20 06:30:12.565+00,4990.474553511150000000,4989.678046040000000000,-0.004603782866886364,5000.000000000000000000,2026-07-20,,83d9d8cb-50d5-46af-acad-71ff3b582b21,testnet
131168,run-83d9d8cb-50d5-46af-acad-71ff3b582b21,2026-07-20 06:30:07.554+00,4990.474549104150000000,4989.678046040000000000,-0.004608189866886364,5000.000000000000000000,2026-07-20,,83d9d8cb-50d5-46af-acad-71ff3b582b21,testnet
131167,run-83d9d8cb-50d5-46af-acad-71ff3b582b21,2026-07-20 06:30:02.54+00,4990.474387644550000000,4989.678046040000000000,-0.004769649466886364,5000.000000000000000000,2026-07-20,,83d9d8cb-50d5-46af-acad-71ff3b582b21,testnet
131166,run-83d9d8cb-50d5-46af-acad-71ff3b582b21,2026-07-20 06:29:57.511+00,4990.474588499550000000,4989.678046040000000000,-0.004568794466886364,5000.000000000000000000,2026-07-20,,83d9d8cb-50d5-46af-acad-71ff3b582b21,testnet
131165,run-83d9d8cb-50d5-46af-acad-71ff3b582b21,2026-07-20 06:29:52.506+00,4990.474709084550000000,4989.678046040000000000,-0.004448209466886364,5000.000000000000000000,2026-07-20,,83d9d8cb-50d5-46af-acad-71ff3b582b21,testnet
131164,run-83d9d8cb-50d5-46af-acad-71ff3b582b21,2026-07-20 06:29:47.5+00,4990.474810835650000000,4989.678046040000000000,-0.004346458366886364,5000.000000000000000000,2026-07-20,,83d9d8cb-50d5-46af-acad-71ff3b582b21,testnet
131163,run-83d9d8cb-50d5-46af-acad-71ff3b582b21,2026-07-20 06:29:42.482+00,4990.474866897350000000,4989.678046040000000000,-0.004290396666886364,5000.000000000000000000,2026-07-20,,83d9d8cb-50d5-46af-acad-71ff3b582b21,testnet
131162,run-83d9d8cb-50d5-46af-acad-71ff3b582b21,2026-07-20 06:29:37.477+00,4990.474701534950000000,4989.678046040000000000,-0.004455759066886364,5000.000000000000000000,2026-07-20,,83d9d8cb-50d5-46af-acad-71ff3b582b21,testnet
131161,run-83d9d8cb-50d5-46af-acad-71ff3b582b21,2026-07-20 06:29:32.47+00,4990.474708714950000000,4989.678046040000000000,-0.004448579066886364,5000.000000000000000000,2026-07-20,,83d9d8cb-50d5-46af-acad-71ff3b582b21,testnet
131160,run-83d9d8cb-50d5-46af-acad-71ff3b582b21,2026-07-20 06:29:27.464+00,4990.474681654950000000,4989.678046040000000000,-0.004475639066886364,5000.000000000000000000,2026-07-20,,83d9d8cb-50d5-46af-acad-71ff3b582b21,testnet
131159,run-83d9d8cb-50d5-46af-acad-71ff3b582b21,2026-07-20 06:29:22.437+00,4990.474714114950000000,4989.678046040000000000,-0.004443179066886364,5000.000000000000000000,2026-07-20,,83d9d8cb-50d5-46af-acad-71ff3b582b21,testnet
131158,run-83d9d8cb-50d5-46af-acad-71ff3b582b21,2026-07-20 06:29:17.428+00,4990.474660134950000000,4989.678046040000000000,-0.004497159066886364,5000.000000000000000000,2026-07-20,,83d9d8cb-50d5-46af-acad-71ff3b582b21,testnet
131157,run-83d9d8cb-50d5-46af-acad-71ff3b582b21,2026-07-20 06:29:12.428+00,4990.474688649950000000,4989.678046040000000000,-0.004468644066886364,5000.000000000000000000,2026-07-20,,83d9d8cb-50d5-46af-acad-71ff3b582b21,testnet
131156,run-83d9d8cb-50d5-46af-acad-71ff3b582b21,2026-07-20 06:29:07.4+00,4990.474663429950000000,4989.678046040000000000,-0.004493864066886364,5000.000000000000000000,2026-07-20,,83d9d8cb-50d5-46af-acad-71ff3b582b21,testnet
131155,run-83d9d8cb-50d5-46af-acad-71ff3b582b21,2026-07-20 06:29:02.361+00,4990.474668929550000000,4989.678046040000000000,-0.004488364466886364,5000.000000000000000000,2026-07-20,,83d9d8cb-50d5-46af-acad-71ff3b582b21,testnet
131154,run-83d9d8cb-50d5-46af-acad-71ff3b582b21,2026-07-20 06:28:57.357+00,4990.474634680950000000,4989.678046040000000000,-0.004522613066886364,5000.000000000000000000,2026-07-20,,83d9d8cb-50d5-46af-acad-71ff3b582b21,testnet
131153,run-83d9d8cb-50d5-46af-acad-71ff3b582b21,2026-07-20 06:28:52.345+00,4990.474594090950000000,4989.678046040000000000,-0.004563203066886364,5000.000000000000000000,2026-07-20,,83d9d8cb-50d5-46af-acad-71ff3b582b21,testnet
131152,run-83d9d8cb-50d5-46af-acad-71ff3b582b21,2026-07-20 06:28:47.339+00,4990.474594090950000000,4989.678046040000000000,-0.004563203066886364,5000.000000000000000000,2026-07-20,,83d9d8cb-50d5-46af-acad-71ff3b582b21,testnet
131151,run-83d9d8cb-50d5-46af-acad-71ff3b582b21,2026-07-20 06:28:42.338+00,4990.474616100450000000,4989.678046040000000000,-0.004541193566886364,5000.000000000000000000,2026-07-20,,83d9d8cb-50d5-46af-acad-71ff3b582b21,testnet
131150,run-83d9d8cb-50d5-46af-acad-71ff3b582b21,2026-07-20 06:28:37.335+00,4990.474636830450000000,4989.678046040000000000,-0.004520463566886364,5000.000000000000000000,2026-07-20,,83d9d8cb-50d5-46af-acad-71ff3b582b21,testnet
131149,run-83d9d8cb-50d5-46af-acad-71ff3b582b21,2026-07-20 06:28:32.304+00,4990.474532260450000000,4989.678046040000000000,-0.004625033566886364,5000.000000000000000000,2026-07-20,,83d9d8cb-50d5-46af-acad-71ff3b582b21,testnet
131148,run-83d9d8cb-50d5-46af-acad-71ff3b582b21,2026-07-20 06:28:27.295+00,4990.474514220450000000,4989.678046040000000000,-0.004643073566886364,5000.000000000000000000,2026-07-20,,83d9d8cb-50d5-46af-acad-71ff3b582b21,testnet
131147,run-83d9d8cb-50d5-46af-acad-71ff3b582b21,2026-07-20 06:28:22.265+00,4990.474470940550000000,4989.678046040000000000,-0.004686353466886364,5000.000000000000000000,2026-07-20,,83d9d8cb-50d5-46af-acad-71ff3b582b21,testnet
131146,run-83d9d8cb-50d5-46af-acad-71ff3b582b21,2026-07-20 06:28:17.249+00,4990.474470775950000000,4989.678046040000000000,-0.004686518066886364,5000.000000000000000000,2026-07-20,,83d9d8cb-50d5-46af-acad-71ff3b582b21,testnet
131145,run-83d9d8cb-50d5-46af-acad-71ff3b582b21,2026-07-20 06:28:12.227+00,4990.474431824550000000,4989.678046040000000000,-0.004725469466886364,5000.000000000000000000,2026-07-20,,83d9d8cb-50d5-46af-acad-71ff3b582b21,testnet
131144,run-83d9d8cb-50d5-46af-acad-71ff3b582b21,2026-07-20 06:28:07.208+00,4990.474443044550000000,4989.678046040000000000,-0.004714249466886364,5000.000000000000000000,2026-07-20,,83d9d8cb-50d5-46af-acad-71ff3b582b21,testnet
131143,run-83d9d8cb-50d5-46af-acad-71ff3b582b21,2026-07-20 06:28:02.198+00,4990.474379953650000000,4989.678046040000000000,-0.004777340366886364,5000.000000000000000000,2026-07-20,,83d9d8cb-50d5-46af-acad-71ff3b582b21,testnet
131142,run-83d9d8cb-50d5-46af-acad-71ff3b582b21,2026-07-20 06:27:57.187+00,4990.474422255050000000,4989.678046040000000000,-0.004735038966886364,5000.000000000000000000,2026-07-20,,83d9d8cb-50d5-46af-acad-71ff3b582b21,testnet
131141,run-83d9d8cb-50d5-46af-acad-71ff3b582b21,2026-07-20 06:27:52.157+00,4990.474394275050000000,4989.678046040000000000,-0.004763018966886364,5000.000000000000000000,2026-07-20,,83d9d8cb-50d5-46af-acad-71ff3b582b21,testnet
131140,run-83d9d8cb-50d5-46af-acad-71ff3b582b21,2026-07-20 06:27:47.141+00,4990.474378619550000000,4989.678046040000000000,-0.004778674466886364,5000.000000000000000000,2026-07-20,,83d9d8cb-50d5-46af-acad-71ff3b582b21,testnet
131139,run-83d9d8cb-50d5-46af-acad-71ff3b582b21,2026-07-20 06:27:42.105+00,4990.474422871850000000,4989.678046040000000000,-0.004734422166886364,5000.000000000000000000,2026-07-20,,83d9d8cb-50d5-46af-acad-71ff3b582b21,testnet
131138,run-83d9d8cb-50d5-46af-acad-71ff3b582b21,2026-07-20 06:27:37.093+00,4990.474474301850000000,4989.678046040000000000,-0.004682992166886364,5000.000000000000000000,2026-07-20,,83d9d8cb-50d5-46af-acad-71ff3b582b21,testnet
131137,run-83d9d8cb-50d5-46af-acad-71ff3b582b21,2026-07-20 06:27:32.081+00,4990.474427990450000000,4989.678046040000000000,-0.004729303566886364,5000.000000000000000000,2026-07-20,,83d9d8cb-50d5-46af-acad-71ff3b582b21,testnet
131136,run-83d9d8cb-50d5-46af-acad-71ff3b582b21,2026-07-20 06:27:27.071+00,4990.474428218050000000,4989.678046040000000000,-0.004729075966886364,5000.000000000000000000,2026-07-20,,83d9d8cb-50d5-46af-acad-71ff3b582b21,testnet
131135,run-83d9d8cb-50d5-46af-acad-71ff3b582b21,2026-07-20 06:27:22.055+00,4990.474300551950000000,4989.678046040000000000,-0.004856742066886364,5000.000000000000000000,2026-07-20,,83d9d8cb-50d5-46af-acad-71ff3b582b21,testnet
131134,run-83d9d8cb-50d5-46af-acad-71ff3b582b21,2026-07-20 06:27:17.042+00,4990.474315620450000000,4989.678046040000000000,-0.004841673566886364,5000.000000000000000000,2026-07-20,,83d9d8cb-50d5-46af-acad-71ff3b582b21,testnet
131133,run-83d9d8cb-50d5-46af-acad-71ff3b582b21,2026-07-20 06:27:12.03+00,4990.474272155450000000,4989.678046040000000000,-0.004885138566886364,5000.000000000000000000,2026-07-20,,83d9d8cb-50d5-46af-acad-71ff3b582b21,testnet
131132,run-83d9d8cb-50d5-46af-acad-71ff3b582b21,2026-07-20 06:27:06.997+00,4990.474308235450000000,4989.678046040000000000,-0.004849058566886364,5000.000000000000000000,2026-07-20,,83d9d8cb-50d5-46af-acad-71ff3b582b21,testnet
131131,run-83d9d8cb-50d5-46af-acad-71ff3b582b21,2026-07-20 06:27:01.988+00,4990.474303775450000000,4989.678046040000000000,-0.004853518566886364,5000.000000000000000000,2026-07-20,,83d9d8cb-50d5-46af-acad-71ff3b582b21,testnet
131130,run-83d9d8cb-50d5-46af-acad-71ff3b582b21,2026-07-20 06:26:56.973+00,4990.474268870450000000,4989.678046040000000000,-0.004888423566886364,5000.000000000000000000,2026-07-20,,83d9d8cb-50d5-46af-acad-71ff3b582b21,testnet
131129,run-83d9d8cb-50d5-46af-acad-71ff3b582b21,2026-07-20 06:26:51.932+00,4990.474260755450000000,4989.678046040000000000,-0.004896538566886364,5000.000000000000000000,2026-07-20,,83d9d8cb-50d5-46af-acad-71ff3b582b21,testnet
131128,run-83d9d8cb-50d5-46af-acad-71ff3b582b21,2026-07-20 06:26:46.924+00,4990.474224705950000000,4989.678046040000000000,-0.004932588066886364,5000.000000000000000000,2026-07-20,,83d9d8cb-50d5-46af-acad-71ff3b582b21,testnet
131127,run-83d9d8cb-50d5-46af-acad-71ff3b582b21,2026-07-20 06:26:41.875+00,4990.474230497950000000,4989.678046040000000000,-0.004926796066886364,5000.000000000000000000,2026-07-20,,83d9d8cb-50d5-46af-acad-71ff3b582b21,testnet
131126,run-83d9d8cb-50d5-46af-acad-71ff3b582b21,2026-07-20 06:26:36.856+00,4990.474174381650000000,4989.678046040000000000,-0.004982912366886364,5000.000000000000000000,2026-07-20,,83d9d8cb-50d5-46af-acad-71ff3b582b21,testnet
131125,run-83d9d8cb-50d5-46af-acad-71ff3b582b21,2026-07-20 06:26:31.829+00,4990.474110901650000000,4989.678046040000000000,-0.005046392366886364,5000.000000000000000000,2026-07-20,,83d9d8cb-50d5-46af-acad-71ff3b582b21,testnet
131124,run-83d9d8cb-50d5-46af-acad-71ff3b582b21,2026-07-20 06:26:26.825+00,4990.474079121650000000,4989.678046040000000000,-0.005078172366886364,5000.000000000000000000,2026-07-20,,83d9d8cb-50d5-46af-acad-71ff3b582b21,testnet
131123,run-83d9d8cb-50d5-46af-acad-71ff3b582b21,2026-07-20 06:26:21.808+00,4990.474098426650000000,4989.678046040000000000,-0.005058867366886364,5000.000000000000000000,2026-07-20,,83d9d8cb-50d5-46af-acad-71ff3b582b21,testnet
131122,run-83d9d8cb-50d5-46af-acad-71ff3b582b21,2026-07-20 06:26:16.803+00,4990.474030764550000000,4989.678046040000000000,-0.005126529466886364,5000.000000000000000000,2026-07-20,,83d9d8cb-50d5-46af-acad-71ff3b582b21,testnet
131121,run-83d9d8cb-50d5-46af-acad-71ff3b582b21,2026-07-20 06:26:11.793+00,4990.474013810450000000,4989.678046040000000000,-0.005143483566886364,5000.000000000000000000,2026-07-20,,83d9d8cb-50d5-46af-acad-71ff3b582b21,testnet
131120,run-83d9d8cb-50d5-46af-acad-71ff3b582b21,2026-07-20 06:26:06.74+00,4990.473999450450000000,4989.678046040000000000,-0.005157843566886364,5000.000000000000000000,2026-07-20,,83d9d8cb-50d5-46af-acad-71ff3b582b21,testnet
131119,run-83d9d8cb-50d5-46af-acad-71ff3b582b21,2026-07-20 06:26:01.722+00,4990.474066495450000000,4989.678046040000000000,-0.005090798566886364,5000.000000000000000000,2026-07-20,,83d9d8cb-50d5-46af-acad-71ff3b582b21,testnet
131118,run-83d9d8cb-50d5-46af-acad-71ff3b582b21,2026-07-20 06:25:56.715+00,4990.474093555450000000,4989.678046040000000000,-0.005063738566886364,5000.000000000000000000,2026-07-20,,83d9d8cb-50d5-46af-acad-71ff3b582b21,testnet
131117,run-83d9d8cb-50d5-46af-acad-71ff3b582b21,2026-07-20 06:25:51.693+00,4990.474017405450000000,4989.678046040000000000,-0.005139888566886364,5000.000000000000000000,2026-07-20,,83d9d8cb-50d5-46af-acad-71ff3b582b21,testnet
131116,run-83d9d8cb-50d5-46af-acad-71ff3b582b21,2026-07-20 06:25:46.68+00,4990.474015095450000000,4989.678046040000000000,-0.005142198566886364,5000.000000000000000000,2026-07-20,,83d9d8cb-50d5-46af-acad-71ff3b582b21,testnet
131115,run-83d9d8cb-50d5-46af-acad-71ff3b582b21,2026-07-20 06:25:41.635+00,4990.474044570450000000,4989.678046040000000000,-0.005112723566886364,5000.000000000000000000,2026-07-20,,83d9d8cb-50d5-46af-acad-71ff3b582b21,testnet
131114,run-83d9d8cb-50d5-46af-acad-71ff3b582b21,2026-07-20 06:25:36.624+00,4990.474076140450000000,4989.678046040000000000,-0.005081153566886364,5000.000000000000000000,2026-07-20,,83d9d8cb-50d5-46af-acad-71ff3b582b21,testnet
131113,run-83d9d8cb-50d5-46af-acad-71ff3b582b21,2026-07-20 06:25:31.61+00,4990.474057550450000000,4989.678046040000000000,-0.005099743566886364,5000.000000000000000000,2026-07-20,,83d9d8cb-50d5-46af-acad-71ff3b582b21,testnet
131112,run-83d9d8cb-50d5-46af-acad-71ff3b582b21,2026-07-20 06:25:26.589+00,4990.474022015450000000,4989.678046040000000000,-0.005135278566886364,5000.000000000000000000,2026-07-20,,83d9d8cb-50d5-46af-acad-71ff3b582b21,testnet
131111,run-83d9d8cb-50d5-46af-acad-71ff3b582b21,2026-07-20 06:25:21.588+00,4990.473856879550000000,4989.678046040000000000,-0.005300414466886364,5000.000000000000000000,2026-07-20,,83d9d8cb-50d5-46af-acad-71ff3b582b21,testnet
131110,run-83d9d8cb-50d5-46af-acad-71ff3b582b21,2026-07-20 06:25:16.572+00,4990.473803954550000000,4989.678046040000000000,-0.005353339466886364,5000.000000000000000000,2026-07-20,,83d9d8cb-50d5-46af-acad-71ff3b582b21,testnet
131109,run-83d9d8cb-50d5-46af-acad-71ff3b582b21,2026-07-20 06:25:11.563+00,4990.473607714550000000,4989.678046040000000000,-0.005549579466886364,5000.000000000000000000,2026-07-20,,83d9d8cb-50d5-46af-acad-71ff3b582b21,testnet
131108,run-83d9d8cb-50d5-46af-acad-71ff3b582b21,2026-07-20 06:25:06.542+00,4990.473624374550000000,4989.678046040000000000,-0.005532919466886364,5000.000000000000000000,2026-07-20,,83d9d8cb-50d5-46af-acad-71ff3b582b21,testnet
131107,run-83d9d8cb-50d5-46af-acad-71ff3b582b21,2026-07-20 06:25:01.542+00,4990.473609099550000000,4989.678046040000000000,-0.005548194466886364,5000.000000000000000000,2026-07-20,,83d9d8cb-50d5-46af-acad-71ff3b582b21,testnet
131106,run-83d9d8cb-50d5-46af-acad-71ff3b582b21,2026-07-20 06:24:56.541+00,4990.473754494550000000,4989.678046040000000000,-0.005402799466886364,5000.000000000000000000,2026-07-20,,83d9d8cb-50d5-46af-acad-71ff3b582b21,testnet
131105,run-83d9d8cb-50d5-46af-acad-71ff3b582b21,2026-07-20 06:24:51.535+00,4990.474336714550000000,4989.678046040000000000,-0.004820579466886364,5000.000000000000000000,2026-07-20,,83d9d8cb-50d5-46af-acad-71ff3b582b21,testnet
131104,run-83d9d8cb-50d5-46af-acad-71ff3b582b21,2026-07-20 06:24:46.515+00,4990.474356674750000000,4989.678046040000000000,-0.004800619266886364,5000.000000000000000000,2026-07-20,,83d9d8cb-50d5-46af-acad-71ff3b582b21,testnet
131103,run-83d9d8cb-50d5-46af-acad-71ff3b582b21,2026-07-20 06:24:41.503+00,4990.474441863650000000,4989.678046040000000000,-0.004715430366886364,5000.000000000000000000,2026-07-20,,83d9d8cb-50d5-46af-acad-71ff3b582b21,testnet
131102,run-83d9d8cb-50d5-46af-acad-71ff3b582b21,2026-07-20 06:24:36.485+00,4990.474627619550000000,4989.678046040000000000,-0.004529674466886364,5000.000000000000000000,2026-07-20,,83d9d8cb-50d5-46af-acad-71ff3b582b21,testnet
131101,run-83d9d8cb-50d5-46af-acad-71ff3b582b21,2026-07-20 06:24:31.458+00,4990.474632129550000000,4989.678046040000000000,-0.004525164466886364,5000.000000000000000000,2026-07-20,,83d9d8cb-50d5-46af-acad-71ff3b582b21,testnet
131100,run-83d9d8cb-50d5-46af-acad-71ff3b582b21,2026-07-20 06:24:26.452+00,4990.474654617650000000,4989.678046040000000000,-0.004502676366886364,5000.000000000000000000,2026-07-20,,83d9d8cb-50d5-46af-acad-71ff3b582b21,testnet
131099,run-83d9d8cb-50d5-46af-acad-71ff3b582b21,2026-07-20 06:24:21.432+00,4990.474752814750000000,4989.678046040000000000,-0.004404479266886364,5000.000000000000000000,2026-07-20,,83d9d8cb-50d5-46af-acad-71ff3b582b21,testnet
131098,run-83d9d8cb-50d5-46af-acad-71ff3b582b21,2026-07-20 06:24:16.412+00,4990.474829325950000000,4989.678046040000000000,-0.004327968066886364,5000.000000000000000000,2026-07-20,,83d9d8cb-50d5-46af-acad-71ff3b582b21,testnet
131097,run-83d9d8cb-50d5-46af-acad-71ff3b582b21,2026-07-20 06:24:11.379+00,4990.474838345950000000,4989.678046040000000000,-0.004318948066886364,5000.000000000000000000,2026-07-20,,83d9d8cb-50d5-46af-acad-71ff3b582b21,testnet
131096,run-83d9d8cb-50d5-46af-acad-71ff3b582b21,2026-07-20 06:24:06.372+00,49