h,action,n,with_tokens
2026-07-10 20:00:00+00,hold,10,2
2026-07-10 21:00:00+00,flat,2,2
2026-07-10 21:00:00+00,hold,16,4
2026-07-10 21:00:00+00,long,2,2
2026-07-10 22:00:00+00,hold,18,10
2026-07-10 22:00:00+00,long,2,2
2026-07-10 23:00:00+00,flat,1,1
2026-07-10 23:00:00+00,hold,8,2
2026-07-10 23:00:00+00,long,1,1
2026-07-11 00:00:00+00,flat,1,1
2026-07-11 00:00:00+00,hold,13,8
2026-07-11 00:00:00+00,long,1,1
2026-07-11 01:00:00+00,flat,1,1
2026-07-11 01:00:00+00,hold,17,10
2026-07-11 01:00:00+00,long,2,2
2026-07-11 02:00:00+00,hold,20,6
2026-07-11 03:00:00+00,hold,19,1
2026-07-11 03:00:00+00,long,1,1
2026-07-11 04:00:00+00,hold,18,0
2026-07-11 04:00:00+00,long,2,2
2026-07-11 05:00:00+00,hold,18,0
2026-07-11 05:00:00+00,long,2,2
2026-07-11 06:00:00+00,hold,20,3
2026-07-11 07:00:00+00,hold,19,4
2026-07-11 07:00:00+00,long,1,1
2026-07-11 08:00:00+00,hold,19,11
2026-07-11 08:00:00+00,long,1,1
2026-07-11 14:00:00+00,error,4,0
2026-07-11 14:00:00+00,hold,1,0
2026-07-11 16:00:00+00,error,3,0
2026-07-11 16:00:00+00,hold,4,0
2026-07-11 18:00:00+00,error,4,0
2026-07-11 18:00:00+00,hold,2,0
2026-07-11 19:00:00+00,error,1,0
2026-07-11 19:00:00+00,hold,3,0
2026-07-11 20:00:00+00,error,2,0
2026-07-11 20:00:00+00,flat,1,1
2026-07-11 20:00:00+00,hold,4,2
2026-07-11 21:00:00+00,error,1,0
2026-07-11 21:00:00+00,flat,3,3
2026-07-11 21:00:00+00,hold,4,4
2026-07-12 07:00:00+00,flat,4,4
2026-07-12 07:00:00+00,hold,6,1
2026-07-12 08:00:00+00,hold,20,0
2026-07-12 09:00:00+00,hold,19,3
2026-07-12 09:00:00+00,long,1,1
2026-07-12 10:00:00+00,hold,20,8
2026-07-12 11:00:00+00,hold,19,6
2026-07-12 11:00:00+00,long,1,1
2026-07-12 12:00:00+00,hold,17,12
2026-07-12 12:00:00+00,long,3,3
2026-07-12 13:00:00+00,hold,20,12
2026-07-12 14:00:00+00,flat,3,3
2026-07-12 14:00:00+00,hold,15,8
2026-07-12 14:00:00+00,long,2,2
2026-07-12 15:00:00+00,hold,19,0
2026-07-12 15:00:00+00,long,1,1
2026-07-12 16:00:00+00,hold,18,2
2026-07-12 16:00:00+00,long,2,2
2026-07-12 17:00:00+00,hold,20,10
2026-07-12 18:00:00+00,hold,20,0
2026-07-12 19:00:00+00,hold,20,5
2026-07-12 20:00:00+00,hold,20,5
2026-07-12 21:00:00+00,flat,2,2
2026-07-12 21:00:00+00,hold,18,4
2026-07-12 22:00:00+00,flat,7,7
2026-07-12 22:00:00+00,hold,13,1
2026-07-12 23:00:00+00,flat,4,4
2026-07-12 23:00:00+00,hold,17,5
2026-07-13 00:00:00+00,flat,3,3
2026-07-13 00:00:00+00,hold,16,13
2026-07-13 01:00:00+00,hold,19,12
2026-07-13 01:00:00+00,long,1,1
2026-07-13 02:00:00+00,flat,2,2
2026-07-13 02:00:00+00,hold,18,6
2026-07-13 03:00:00+00,flat,2,2
2026-07-13 03:00:00+00,hold,18,3
2026-07-13 04:00:00+00,flat,2,2
2026-07-13 04:00:00+00,hold,18,1
2026-07-13 05:00:00+00,flat,3,3
2026-07-13 05:00:00+00,hold,17,0
2026-07-13 06:00:00+00,flat,1,1
2026-07-13 06:00:00+00,hold,19,0
2026-07-13 07:00:00+00,flat,1,1
2026-07-13 07:00:00+00,hold,19,3
2026-07-13 08:00:00+00,hold,20,14
2026-07-13 09:00:00+00,hold,20,8
2026-07-13 10:00:00+00,hold,19,4
2026-07-13 10:00:00+00,long,1,1
2026-07-13 11:00:00+00,flat,1,1
2026-07-13 11:00:00+00,hold,19,4
2026-07-13 12:00:00+00,flat,4,4
2026-07-13 12:00:00+00,hold,16,14
2026-07-13 13:00:00+00,hold,20,10
2026-07-13 14:00:00+00,hold,20,1
2026-07-13 15:00:00+00,hold,20,6
2026-07-13 16:00:00+00,hold,20,3
2026-07-13 17:00:00+00,hold,20,2
2026-07-13 18:00:00+00,hold,20,5
2026-07-13 19:00:00+00,hold,20,4
2026-07-13 20:00:00+00,hold,20,0
2026-07-13 21:00:00+00,hold,20,3
2026-07-13 22:00:00+00,hold,10,1
2026-07-14 08:00:00+00,hold,15,3
2026-07-14 09:00:00+00,hold,20,5
2026-07-14 10:00:00+00,hold,19,6
2026-07-14 10:00:00+00,long,1,0
2026-07-14 11:00:00+00,hold,19,5
2026-07-14 11:00:00+00,long,1,1
2026-07-14 12:00:00+00,hold,19,4
2026-07-14 12:00:00+00,long,1,0
2026-07-14 13:00:00+00,hold,20,4
2026-07-14 14:00:00+00,error,5,0
2026-07-14 14:00:00+00,hold,15,4
2026-07-14 15:00:00+00,flat,4,1
2026-07-14 15:00:00+00,hold,16,2
2026-07-14 16:00:00+00,hold,20,1
2026-07-14 17:00:00+00,hold,20,0
2026-07-14 18:00:00+00,hold,20,0
2026-07-14 19:00:00+00,hold,20,2
2026-07-14 20:00:00+00,hold,20,2
2026-07-14 21:00:00+00,error,1,0
2026-07-14 21:00:00+00,hold,16,0
2026-07-14 21:00:00+00,long,3,3
2026-07-14 22:00:00+00,hold,19,0
2026-07-14 22:00:00+00,long,1,1
2026-07-14 23:00:00+00,hold,20,0
2026-07-15 00:00:00+00,hold,19,1
2026-07-15 00:00:00+00,long,1,1
2026-07-15 01:00:00+00,flat,1,1
2026-07-15 01:00:00+00,hold,18,1
2026-07-15 01:00:00+00,long,1,1
2026-07-15 02:00:00+00,flat,1,1
2026-07-15 02:00:00+00,hold,19,4
2026-07-15 03:00:00+00,hold,20,3
2026-07-15 04:00:00+00,hold,19,0
2026-07-15 04:00:00+00,long,1,1
2026-07-15 05:00:00+00,hold,20,2
2026-07-15 06:00:00+00,hold,18,0
2026-07-15 06:00:00+00,long,2,2
2026-07-15 07:00:00+00,flat,3,2
2026-07-15 07:00:00+00,hold,17,0
2026-07-15 08:00:00+00,error,3,0
2026-07-15 08:00:00+00,flat,1,1
2026-07-15 08:00:00+00,hold,15,0
2026-07-15 08:00:00+00,long,1,1
2026-07-15 09:00:00+00,hold,20,0
2026-07-15 22:00:00+00,hold,7,0
2026-07-15 23:00:00+00,error,1,0
2026-07-15 23:00:00+00,hold,4,0
2026-07-16 04:00:00+00,hold,1,0
2026-07-16 05:00:00+00,hold,4,2
2026-07-16 06:00:00+00,error,4,0
2026-07-16 06:00:00+00,hold,8,0
2026-07-16 06:00:00+00,long,2,1
2026-07-16 07:00:00+00,hold,17,4
2026-07-16 08:00:00+00,error,5,0
2026-07-16 08:00:00+00,hold,15,5
2026-07-16 09:00:00+00,hold,20,6
2026-07-16 10:00:00+00,hold,20,4
2026-07-16 11:00:00+00,hold,20,0
2026-07-16 12:00:00+00,hold,20,1
2026-07-16 13:00:00+00,hold,20,4
2026-07-16 14:00:00+00,hold,17,1
2026-07-16 14:00:00+00,long,3,2
2026-07-16 15:00:00+00,hold,19,1
2026-07-16 15:00:00+00,long,1,1
2026-07-16 16:00:00+00,hold,5,1
2026-07-17 00:00:00+00,flat,1,1
2026-07-17 00:00:00+00,hold,9,0
2026-07-17 01:00:00+00,hold,20,1
2026-07-17 02:00:00+00,hold,20,3
2026-07-17 03:00:00+00,hold,19,2
2026-07-17 03:00:00+00,long,1,1
2026-07-17 04:00:00+00,hold,20,4
2026-07-17 05:00:00+00,hold,20,3
2026-07-17 06:00:00+00,hold,20,4
2026-07-17 07:00:00+00,error,1,0
2026-07-17 07:00:00+00,hold,19,2
2026-07-17 08:00:00+00,error,2,0
2026-07-17 08:00:00+00,hold,18,2
2026-07-17 09:00:00+00,hold,23,1
2026-07-17 10:00:00+00,hold,32,8
2026-07-17 11:00:00+00,hold,29,3
2026-07-17 11:00:00+00,long,3,1
2026-07-17 12:00:00+00,hold,31,2
2026-07-17 12:00:00+00,long,1,1
2026-07-17 13:00:00+00,flat,2,0
2026-07-17 13:00:00+00,hold,30,4
2026-07-17 14:00:00+00,hold,31,4
2026-07-17 14:00:00+00,long,1,1
2026-07-17 15:00:00+00,hold,31,7
2026-07-17 15:00:00+00,long,1,1
2026-07-17 16:00:00+00,hold,24,3
2026-07-17 16:00:00+00,long,1,1
2026-07-17 17:00:00+00,hold,12,2
2026-07-17 17:00:00+00,long,2,2
2026-07-17 18:00:00+00,hold,32,2
2026-07-17 19:00:00+00,hold,32,2
2026-07-17 20:00:00+00,hold,32,0
2026-07-17 21:00:00+00,hold,32,3
2026-07-17 22:00:00+00,hold,32,8
2026-07-17 23:00:00+00,hold,31,5
2026-07-17 23:00:00+00,long,1,1
2026-07-18 00:00:00+00,hold,32,4
2026-07-18 01:00:00+00,hold,31,4
2026-07-18 01:00:00+00,long,1,1
2026-07-18 02:00:00+00,hold,32,8
2026-07-18 03:00:00+00,hold,32,8
2026-07-18 04:00:00+00,hold,32,6
2026-07-18 05:00:00+00,hold,32,8
2026-07-18 06:00:00+00,hold,32,8
2026-07-18 07:00:00+00,hold,31,8
2026-07-18 07:00:00+00,long,1,1
2026-07-18 08:00:00+00,flat,1,1
2026-07-18 08:00:00+00,hold,31,7
2026-07-18 09:00:00+00,flat,4,2
2026-07-18 09:00:00+00,hold,28,5
2026-07-18 10:00:00+00,flat,4,1
2026-07-18 10:00:00+00,hold,28,5
2026-07-18 11:00:00+00,hold,31,5
2026-07-18 11:00:00+00,long,1,1
2026-07-18 12:00:00+00,hold,30,3
2026-07-18 12:00:00+00,long,2,2
2026-07-18 13:00:00+00,hold,32,4
2026-07-18 14:00:00+00,hold,32,5
2026-07-18 15:00:00+00,error,2,0
2026-07-18 15:00:00+00,hold,36,3
2026-07-18 15:00:00+00,long,2,2
2026-07-18 16:00:00+00,hold,96,5
2026-07-18 17:00:00+00,hold,96,0
2026-07-18 18:00:00+00,hold,96,0
2026-07-18 19:00:00+00,hold,96,0
2026-07-18 20:00:00+00,hold,96,0
2026-07-18 21:00:00+00,hold,96,0
2026-07-18 22:00:00+00,hold,96,0
2026-07-18 23:00:00+00,hold,96,0
2026-07-19 00:00:00+00,error,2,0
2026-07-19 00:00:00+00,hold,94,2
2026-07-19 01:00:00+00,hold,96,0
2026-07-19 02:00:00+00,hold,96,0
2026-07-19 03:00:00+00,hold,96,0
2026-07-19 04:00:00+00,hold,96,0
2026-07-19 05:00:00+00,hold,96,0
2026-07-19 06:00:00+00,hold,96,0
2026-07-19 07:00:00+00,hold,96,0
2026-07-19 08:00:00+00,hold,96,0
2026-07-19 09:00:00+00,hold,96,0
2026-07-19 10:00:00+00,hold,48,0
2026-07-19 17:00:00+00,adjust,1,1
2026-07-19 17:00:00+00,error,1,0
2026-07-19 17:00:00+00,hold,70,0
2026-07-19 18:00:00+00,close,1,1
2026-07-19 18:00:00+00,error,1,0
2026-07-19 18:00:00+00,hold,94,0
2026-07-19 19:00:00+00,hold,94,0
2026-07-19 20:00:00+00,hold,96,0
2026-07-19 21:00:00+00,hold,87,0
2026-07-19 22:00:00+00,hold,96,0
2026-07-19 23:00:00+00,hold,96,0
2026-07-20 00:00:00+00,hold,96,0
2026-07-20 01:00:00+00,hold,96,6
2026-07-20 02:00:00+00,hold,96,0
2026-07-20 03:00:00+00,hold,96,0
2026-07-20 04:00:00+00,hold,96,0
2026-07-20 05:00:00+00,hold,96,0
2026-07-20 06:00:00+00,hold,72,0
