symbol,side,type,state,qty,cum_qty,limit_price,time_in_force,submitted_at,terminal_at
XRP/USDT,SELL,LIMIT,FILLED,40.500000000000000000,40.500000000000000000,1.102900000000000000,IOC,,1783744207907
BTC/USDT,BUY,LIMIT,CANCELED,1.000000000000000000,0.000000000000000000,,GTC,,1783971077136
XRP/USDT,BUY,LIMIT,FILLED,40.600000000000000000,40.600000000000000000,1.106100000000000000,GTC,,1783748499222
LINK/USDT,BUY,LIMIT,CANCELED,5.650000000000000000,0.000000000000000000,7.947000000000000000,GTC,,1783723510969
ETH/USDT,SELL,LIMIT,FILLED,0.024900000000000000,0.024900000000000000,1785.650000000000000000,IOC,,1783717217176
BTC/USDT,BUY,LIMIT,FILLED,0.000620000000000000,0.000620000000000000,64100.000000000000000000,GTC,,1783723982122
XRP/USDT,SELL,LIMIT,FILLED,40.500000000000000000,40.500000000000000000,1.102100000000000000,IOC,,1783718118027
LINK/USDT,BUY,LIMIT,CANCELED,5.620000000000000000,0.000000000000000000,7.989000000000000000,GTC,,1783746003013
BTC/USDT,SELL,LIMIT,FILLED,0.000620000000000000,0.000620000000000000,63897.860000000000000000,IOC,,1783734314537
XRP/USDT,BUY,LIMIT,FILLED,31.600000000000000000,31.600000000000000000,1.105500000000000000,GTC,,1783719188821
ETH/USDT,BUY,LIMIT,FILLED,0.025000000000000000,0.025000000000000000,1794.810000000000000000,GTC,,1783719931565
BTC/USDT,BUY,LIMIT,CANCELED,1.000000000000000000,0.000000000000000000,,GTC,,1783971077131
XRP/USDT,SELL,LIMIT,FILLED,31.600000000000000000,31.600000000000000000,1.101300000000000000,IOC,,1783725313664
LINK/USDT,BUY,LIMIT,FILLED,6.900000000000000000,6.900000000000000000,7.954000000000000000,GTC,,1783728855012
BTC/USDT,BUY,LIMIT,FILLED,0.000620000000000000,0.000620000000000000,64125.960000000000000000,GTC,,1783739075494
ETH/USDT,SELL,LIMIT,FILLED,0.025000000000000000,0.025000000000000000,1789.420000000000000000,IOC,,1783728913488
ETH/USDT,SELL,LIMIT,FILLED,0.019400000000000000,0.019400000000000000,1792.340000000000000000,IOC,,1783744206982
ETH/USDT,BUY,LIMIT,FILLED,0.019400000000000000,0.019400000000000000,1794.860000000000000000,GTC,,1783733724682
XRP/USDT,BUY,LIMIT,FILLED,40.600000000000000000,40.600000000000000000,1.106200000000000000,GTC,,1783733895846
LINK/USDT,SELL,LIMIT,FILLED,5.640000000000000000,5.640000000000000000,7.978000000000000000,IOC,,1783743318304
LINK/USDT,BUY,LIMIT,FILLED,5.650000000000000000,5.650000000000000000,7.948000000000000000,GTC,,1783845843951
SOL/USDT,SELL,LIMIT,FILLED,0.447000000000000000,0.447000000000000000,76.340000000000000000,IOC,,1783840629740
ETH/USDT,BUY,LIMIT,FILLED,0.022100000000000000,0.022100000000000000,1805.140000000000000000,GTC,,1783856833079
ETH/USDT,SELL,LIMIT,FILLED,0.022100000000000000,0.022100000000000000,1799.890000000000000000,IOC,,1783865708889
LINK/USDT,SELL,LIMIT,FILLED,5.550000000000000000,5.550000000000000000,7.957000000000000000,IOC,,1783894508112
BTC/USDT,SELL,LIMIT,FILLED,0.000700000000000000,0.000700000000000000,63705.790000000000000000,IOC,,1783841408987
XRP/USDT,SELL,LIMIT,FILLED,40.600000000000000000,40.600000000000000000,1.089300000000000000,IOC,,1783841410378
BTC/USDT,BUY,LIMIT,FILLED,0.000540000000000000,0.000540000000000000,63986.000000000000000000,GTC,,1783857738647
LINK/USDT,SELL,LIMIT,FILLED,5.610000000000000000,5.610000000000000000,7.957000000000000000,IOC,,1783841431010
XRP/USDT,SELL,LIMIT,FILLED,40.900000000000000000,40.900000000000000000,1.093300000000000000,IOC,,1783891817091
ETH/USDT,SELL,LIMIT,FILLED,0.027800000000000000,0.027800000000000000,1792.710000000000000000,IOC,,1783842309611
LINK/USDT,BUY,LIMIT,FILLED,5.560000000000000000,5.560000000000000000,8.080000000000000000,GTC,,1783868464419
XRP/USDT,BUY,LIMIT,FILLED,40.900000000000000000,40.900000000000000000,1.098700000000000000,GTC,,1783858538500
BTC/USDT,SELL,LIMIT,FILLED,0.000540000000000000,0.000540000000000000,63815.070000000000000000,IOC,,1783865718600
LINK/USDT,BUY,LIMIT,FILLED,4.980000000000000000,4.980000000000000000,8.017000000000000000,GTC,,1783850552710
LINK/USDT,SELL,LIMIT,FILLED,4.980000000000000000,4.980000000000000000,7.995000000000000000,IOC,,1783865720604
SOL/USDT,BUY,LIMIT,FILLED,0.453000000000000000,0.453000000000000000,77.070000000000000000,GTC,,1783860128409
ETH/USDT,BUY,LIMIT,FILLED,0.030100000000000000,0.030100000000000000,1821.740000000000000000,GTC,,1783873844132
BTC/USDT,BUY,LIMIT,FILLED,0.000620000000000000,0.000620000000000000,64144.680000000000000000,GTC,,1783873853647
ETH/USDT,BUY,LIMIT,CANCELED,0.027600000000000000,0.000000000000000000,1808.680000000000000000,GTC,,1783870202681
BTC/USDT,BUY,LIMIT,CANCELED,0.000540000000000000,0.000000000000000000,64038.180000000000000000,GTC,,1783870203569
SOL/USDT,SELL,LIMIT,FILLED,0.453000000000000000,0.453000000000000000,76.540000000000000000,IOC,,1783907498198
ETH/USDT,SELL,LIMIT,FILLED,0.024600000000000000,0.024600000000000000,1797.960000000000000000,IOC,,1783908317903
BTC/USDT,SELL,LIMIT,FILLED,0.000620000000000000,0.000620000000000000,63632.520000000000000000,IOC,,1783894506098
ETH/USDT,SELL,LIMIT,FILLED,0.030000000000000000,0.030000000000000000,1797.950000000000000000,IOC,,1783894506584
ETH/USDT,BUY,LIMIT,FILLED,0.024600000000000000,0.024600000000000000,1825.120000000000000000,GTC,,1783904416781
LINK/USDT,BUY,LIMIT_MAKER,FILLED,10.920000000000000000,10.920000000000000000,7.993000000000000000,GTC,,1783936926806
LINK/USDT,SELL,LIMIT,FILLED,10.910000000000000000,10.910000000000000000,7.921000000000000000,IOC,,1783943140751
BTC/USDT,BUY,LIMIT,CANCELED,1.000000000000000000,0.000000000000000000,,GTC,,1783715188771
ETH/USDT,BUY,LIMIT,FILLED,0.027800000000000000,0.027800000000000000,1796.320000000000000000,GTC,,1783745457512
LINK/USDT,BUY,LIMIT,FILLED,5.620000000000000000,5.620000000000000000,7.997000000000000000,GTC,,1783748959813
BTC/USDT,SELL,LIMIT,FILLED,0.000620000000000000,0.000620000000000000,64058.550000000000000000,IOC,,1783753209101
BTC/USDT,BUY,LIMIT,FILLED,0.000700000000000000,0.000700000000000000,64185.890000000000000000,GTC,,1783755849758
SOL/USDT,BUY,LIMIT,FILLED,0.448000000000000000,0.448000000000000000,78.040000000000000000,GTC,,1783759760817
LINK/USDT,SELL,LIMIT,FILLED,13.260000000000000000,13.260000000000000000,8.289000000000000000,IOC,1784484966062,1784484975763
AAVE/USDT,SELL,LIMIT,FILLED,1.007000000000000000,1.007000000000000000,90.700000000000000000,GTC,1784387713276,1784440195587
BTC/USDT,SELL,LIMIT,FILLED,0.001710000000000000,0.001710000000000000,63935.140000000000000000,IOC,1784387702663,1784387708154
AAVE/USDT,BUY,LIMIT_MAKER,FILLED,1.009000000000000000,1.009000000000000000,88.920000000000000000,GTC,1784386816975,1784386820564
ZEC/USDT,SELL,LIMIT,FILLED,0.200000000000000000,0.200000000000000000,558.530000000000000000,GTC,1784380500750,1784386370084
ZEC/USDT,BUY,LIMIT_MAKER,FILLED,0.200000000000000000,0.200000000000000000,546.510000000000000000,GTC,1784378718009,1784379607774
BTC/USDT,SELL,LIMIT,CANCELED,0.001710000000000000,0.000000000000000000,64874.790000000000000000,GTC,1784377802181,1784387702613
BTC/USDT,BUY,LIMIT_MAKER,FILLED,0.001710000000000000,0.001710000000000000,64105.930000000000000000,GTC,1784376913936,1784377064062
BTC/USDT,SELL,LIMIT,FILLED,0.001550000000000000,0.001550000000000000,63864.930000000000000000,IOC,1784375103278,1784375113256
LINK/USDT,SELL,LIMIT,CANCELED,13.260000000000000000,0.000000000000000000,8.428000000000000000,GTC,1784374316602,1784456635518
LINK/USDT,SELL,LIMIT,REJECTED,13.260000000000000000,0.000000000000000000,8.236000000000000000,IOC,1784371520067,1784371520427
LINK/USDT,SELL,LIMIT,REJECTED,13.260000000000000000,0.000000000000000000,8.251000000000000000,IOC,1784370613049,1784370613496
LINK/USDT,SELL,LIMIT,REJECTED,13.260000000000000000,0.000000000000000000,8.225000000000000000,IOC,1784369710466,1784369710963
LINK/USDT,SELL,LIMIT,REJECTED,13.260000000000000000,0.000000000000000000,8.209000000000000000,IOC,1784368811467,1784368811971
LINK/USDT,SELL,LIMIT,REJECTED,13.260000000000000000,0.000000000000000000,8.196000000000000000,IOC,1784367917970,1784367918425
LINK/USDT,SELL,LIMIT,REJECTED,13.260000000000000000,0.000000000000000000,8.191000000000000000,IOC,1784367010296,1784367010883
LINK/USDT,SELL,LIMIT,REJECTED,13.260000000000000000,0.000000000000000000,8.217000000000000000,IOC,1784366117677,1784366118153
LINK/USDT,SELL,LIMIT,REJECTED,13.260000000000000000,0.000000000000000000,8.238000000000000000,IOC,1784365211661,1784365212289
LINK/USDT,SELL,LIMIT,REJECTED,13.260000000000000000,0.000000000000000000,8.237000000000000000,IOC,1784364340048,1784364340566
BTC/USDT,SELL,LIMIT,CANCELED,0.001550000000000000,0.000000000000000000,64565.960000000000000000,GTC,1784362502112,1784375102920
BTC/USDT,BUY,LIMIT_MAKER,FILLED,0.001550000000000000,0.001550000000000000,63993.560000000000000000,GTC,1784360713144,1784361678140
LINK/USDT,SELL,LIMIT,CANCELED,13.260000000000000000,0.000000000000000000,8.386000000000000000,GTC,1784351730561,1784373329065
LINK/USDT,SELL,LIMIT,CANCELED,13.260000000000000000,0.000000000000000000,8.428000000000000000,GTC,1784337302545,1784350805008
ZEC/USDT,BUY,LIMIT_MAKER,REJECTED,0.200000000000000000,0.000000000000000000,546.570000000000000000,GTC,1784336412860,1784336413313
LINK/USDT,SELL,LIMIT,CANCELED,13.260000000000000000,0.000000000000000000,8.386000000000000000,GTC,1784332804542,1784336409134
LINK/USDT,BUY,LIMIT_MAKER,FILLED,13.270000000000000000,13.270000000000000000,8.262000000000000000,GTC,1784331911340,1784332537515
ZEC/USDT,SELL,LIMIT,FILLED,0.201000000000000000,0.201000000000000000,554.820000000000000000,GTC,1784304003003,1784307901474
ZEC/USDT,BUY,LIMIT_MAKER,FILLED,0.201000000000000000,0.201000000000000000,543.970000000000000000,GTC,1784303115009,1784303140571
ZEC/USDT,BUY,LIMIT_MAKER,REJECTED,0.201000000000000000,0.000000000000000000,543.080000000000000000,GTC,1784297713943,1784297715259
ETH/USDT,SELL,LIMIT,FILLED,0.043300000000000000,0.043300000000000000,1810.050000000000000000,IOC,1784294103685,1784294111050
BTC/USDT,SELL,LIMIT,FILLED,0.001410000000000000,0.001410000000000000,62660.320000000000000000,IOC,1784294103276,1784294110576
SOL/USDT,SELL,LIMIT,FILLED,1.197000000000000000,1.197000000000000000,73.540000000000000000,IOC,1784294101999,1784294111551
ZEC/USDT,SELL,LIMIT,FILLED,0.147000000000000000,0.147000000000000000,530.310000000000000000,IOC,1784292303114,1784292311664
ZEC/USDT,SELL,LIMIT,CANCELED,0.147000000000000000,0.000000000000000000,543.520000000000000000,GTC,1784290503036,1784292303106
ZEC/USDT,BUY,LIMIT_MAKER,FILLED,0.148000000000000000,0.148000000000000000,536.010000000000000000,GTC,1784289611989,1784289710282
ETH/USDT,SELL,LIMIT,CANCELED,0.043300000000000000,0.000000000000000000,1863.170000000000000000,GTC,1784289602412,1784294103596
BTC/USDT,SELL,LIMIT,CANCELED,0.001410000000000000,0.000000000000000000,63975.420000000000000000,GTC,1784289602298,1784294103270
SOL/USDT,SELL,LIMIT,CANCELED,1.197000000000000000,0.000000000000000000,75.920000000000000000,GTC,1784289600912,1784294101975
ETH/USDT,BUY,LIMIT_MAKER,FILLED,0.043300000000000000,0.043300000000000000,1841.010000000000000000,GTC,1784288712787,1784288958184
SOL/USDT,BUY,LIMIT_MAKER,FILLED,1.199000000000000000,1.199000000000000000,74.870000000000000000,GTC,1784288712782,1784288958683
BTC/USDT,BUY,LIMIT_MAKER,FILLED,0.001410000000000000,0.001410000000000000,63270.340000000000000000,GTC,1784288712781,1784289017776
XRP/USDT,SELL,LIMIT,FILLED,79.700000000000000000,79.700000000000000000,1.081300000000000000,IOC,1784273403027,1784273407873
XRP/USDT,SELL,LIMIT,CANCELED,79.700000000000000000,0.000000000000000000,1.115500000000000000,GTC,1784259902433,1784273402998
XRP/USDT,BUY,LIMIT_MAKER,FILLED,79.800000000000000000,79.800000000000000000,1.093600000000000000,GTC,1784259009743,1784259054332
BTC/USDT,SELL,LIMIT,FILLED,0.002110000000000000,0.002110000000000000,63642.490000000000000000,IOC,1784248212655,1784248217748
XRP/USDT,SELL,LIMIT,FILLED,89.900000000000000000,89.900000000000000000,1.084200000000000000,IOC,1784247909721,1784247919074
BTC/USDT,BUY,LIMIT_MAKER,FILLED,0.002120000000000000,0.002120000000000000,64676.370000000000000000,GTC,1784216713435,1784216740220
BTC/USDT,BUY,LIMIT_MAKER,REJECTED,0.001930000000000000,0.000000000000000000,64603.110000000000000000,GTC,1784211314188,1784211314649
SOL/USDT,BUY,LIMIT_MAKER,REJECTED,1.792000000000000000,0.000000000000000000,76.620000000000000000,GTC,1784211314185,1784211314649
XRP/USDT,SELL,LIMIT,CANCELED,89.900000000000000000,0.000000000000000000,1.122800000000000000,GTC,1784211302482,1784217606858
XRP/USDT,BUY,LIMIT_MAKER,FILLED,90.000000000000000000,90.000000000000000000,1.109400000000000000,GTC,1784210412338,1784210650013
LINK/USDT,SELL,LIMIT,FILLED,12.030000000000000000,12.030000000000000000,8.500000000000000000,GTC,1784106002718,1784154332340
LINK/USDT,SELL,LIMIT,REJECTED,12.030000000000000000,0.000000000000000000,8.314000000000000000,IOC,1784102414650,1784102416044
LINK/USDT,SELL,LIMIT,REJECTED,12.030000000000000000,0.000000000000000000,8.315000000000000000,IOC,1784101515266,1784101515763
LINK/USDT,SELL,LIMIT,REJECTED,12.030000000000000000,0.000000000000000000,8.297000000000000000,IOC,1784100613184,1784100614384
BTC/USDT,SELL,LIMIT,FILLED,0.001730000000000000,0.001730000000000000,64367.700000000000000000,IOC,1784100613176,1784100615786
SOL/USDT,SELL,LIMIT,FILLED,1.924000000000000000,1.924000000000000000,77.300000000000000000,IOC,1784100455578,1784100465836
ETH/USDT,SELL,LIMIT,FILLED,0.072700000000000000,0.072700000000000000,1862.950000000000000000,IOC,1784100432330,1784100435101
LINK/USDT,SELL,LIMIT,CANCELED,12.030000000000000000,0.000000000000000000,8.458000000000000000,GTC,1784099706529,1784105105066
BTC/USDT,SELL,LIMIT,CANCELED,0.001730000000000000,0.000000000000000000,65625.260000000000000000,GTC,1784099702152,1784217603122
ETH/USDT,SELL,LIMIT,CANCELED,0.072700000000000000,0.000000000000000000,1914.380000000000000000,GTC,1784098802152,1784099702419
SOL/USDT,SELL,LIMIT,CANCELED,1.924000000000000000,0.000000000000000000,79.390000000000000000,GTC,1784098800950,1784099701440
LINK/USDT,SELL,LIMIT,CANCELED,12.030000000000000000,0.000000000000000000,8.458000000000000000,GTC,1784097904582,1784098807043
BTC/USDT,SELL,LIMIT,CANCELED,0.001730000000000000,0.000000000000000000,65625.260000000000000000,GTC,1784097902183,1784098802450
SOL/USDT,SELL,LIMIT,CANCELED,1.924000000000000000,0.000000000000000000,79.390000000000000000,GTC,1784097000971,1784097903259
ETH/USDT,SELL,LIMIT,CANCELED,0.072700000000000000,0.000000000000000000,1914.380000000000000000,GTC,1784097000362,1784097903258
ETH/USDT,BUY,LIMIT_MAKER,FILLED,0.072800000000000000,0.072800000000000000,1887.950000000000000000,GTC,1784096111277,1784096133843
LINK/USDT,SELL,LIMIT,CANCELED,12.030000000000000000,0.000000000000000000,8.458000000000000000,GTC,1784096106580,1784097001668
BTC/USDT,SELL,LIMIT,CANCELED,0.001730000000000000,0.000000000000000000,65625.260000000000000000,GTC,1784096102185,1784097000772
BTC/USDT,BUY,LIMIT_MAKER,FILLED,0.001730000000000000,0.001730000000000000,64911.580000000000000000,GTC,1784095216250,1784095253118
SOL/USDT,SELL,LIMIT,CANCELED,1.924000000000000000,0.000000000000000000,79.390000000000000000,GTC,1784095201028,1784096101449
LINK/USDT,SELL,LIMIT,CANCELED,12.030000000000000000,0.000000000000000000,8.458000000000000000,GTC,1784094302626,1784095201125
SOL/USDT,SELL,LIMIT,CANCELED,1.924000000000000000,0.000000000000000000,79.390000000000000000,GTC,1784093403012,1784094305441
SOL/USDT,SELL,LIMIT,CANCELED,1.924000000000000000,0.000000000000000000,79.390000000000000000,GTC,1784091600927,1784092504450
LINK/USDT,SELL,LIMIT,CANCELED,12.030000000000000000,0.000000000000000000,8.458000000000000000,GTC,1784091600550,1784092501092
LINK/USDT,SELL,LIMIT,CANCELED,12.030000000000000000,0.000000000000000000,8.458000000000000000,GTC,1784089802536,1784090705026
SOL/USDT,SELL,LIMIT,CANCELED,1.924000000000000000,0.000000000000000000,79.390000000000000000,GTC,1784089800936,1784090702321
LINK/USDT,SELL,LIMIT,CANCELED,12.030000000000000000,0.000000000000000000,8.458000000000000000,GTC,1784088004537,1784088913015
SOL/USDT,SELL,LIMIT,CANCELED,1.924000000000000000,0.000000000000000000,79.550000000000000000,GTC,1784087102908,1784088901473
LINK/USDT,SELL,LIMIT,CANCELED,12.030000000000000000,0.000000000000000000,8.458000000000000000,GTC,1784086200559,1784087103009
SOL/USDT,SELL,LIMIT,CANCELED,1.924000000000000000,0.000000000000000000,79.550000000000000000,GTC,1784085300968,1784086201441
LINK/USDT,SELL,LIMIT,CANCELED,12.030000000000000000,0.000000000000000000,8.458000000000000000,GTC,1784084400569,1784085303006
SOL/USDT,SELL,LIMIT,CANCELED,1.924000000000000000,0.000000000000000000,79.550000000000000000,GTC,1784083502971,1784084401451
LINK/USDT,SELL,LIMIT,CANCELED,12.030000000000000000,0.000000000000000000,8.458000000000000000,GTC,1784082604632,1784083519186
SOL/USDT,SELL,LIMIT,CANCELED,1.924000000000000000,0.000000000000000000,79.550000000000000000,GTC,1784081700982,1784082603470
LINK/USDT,SELL,LIMIT,CANCELED,12.030000000000000000,0.000000000000000000,8.458000000000000000,GTC,1784080802606,1784081702859
BTC/USDT,SELL,LIMIT,FILLED,0.001730000000000000,0.001730000000000000,64557.600000000000000000,IOC,1784079902475,1784079908685
SOL/USDT,SELL,LIMIT,CANCELED,1.924000000000000000,0.000000000000000000,79.550000000000000000,GTC,1784079900988,1784080803228
ETH/USDT,SELL,LIMIT,FILLED,0.059800000000000000,0.059800000000000000,1874.470000000000000000,IOC,1784079002688,1784079008930
BTC/USDT,SELL,LIMIT,CANCELED,0.001730000000000000,0.000000000000000000,65997.380000000000000000,GTC,1784079002194,1784079902469
ETH/USDT,SELL,LIMIT,CANCELED,0.059800000000000000,0.000000000000000000,1907.260000000000000000,GTC,1784078102188,1784079002673
SOL/USDT,SELL,LIMIT,CANCELED,1.924000000000000000,0.000000000000000000,79.550000000000000000,GTC,1784078100975,1784079003384
LINK/USDT,SELL,LIMIT,CANCELED,12.030000000000000000,0.000000000000000000,8.475000000000000000,GTC,1784078100593,1784079901080
BTC/USDT,SELL,LIMIT,CANCELED,0.001730000000000000,0.000000000000000000,65997.380000000000000000,GTC,1784077202224,1784078102462
ETH/USDT,SELL,LIMIT,CANCELED,0.059800000000000000,0.000000000000000000,1907.260000000000000000,GTC,1784076302214,1784077202498
SOL/USDT,SELL,LIMIT,CANCELED,1.924000000000000000,0.000000000000000000,79.550000000000000000,GTC,1784076301000,1784077201499
LINK/USDT,SELL,LIMIT,CANCELED,12.030000000000000000,0.000000000000000000,8.475000000000000000,GTC,1784076300642,1784077202894
BTC/USDT,SELL,LIMIT,CANCELED,0.001730000000000000,0.000000000000000000,65997.380000000000000000,GTC,1784075402219,1784076302498
LINK/USDT,SELL,LIMIT,CANCELED,12.030000000000000000,0.000000000000000000,8.475000000000000000,GTC,1784074504641,1784075406890
SOL/USDT,SELL,LIMIT,CANCELED,1.924000000000000000,0.000000000000000000,79.550000000000000000,GTC,1784074500999,1784075405228
ETH/USDT,SELL,LIMIT,CANCELED,0.059800000000000000,0.000000000000000000,1907.260000000000000000,GTC,1784074500209,1784075402702
SOL/USDT,BUY,LIMIT_MAKER,FILLED,1.926000000000000000,1.926000000000000000,77.830000000000000000,GTC,1784073611147,1784073668199
BTC/USDT,SELL,LIMIT,CANCELED,0.001730000000000000,0.000000000000000000,65997.380000000000000000,GTC,1784073600250,1784074502505
ETH/USDT,SELL,LIMIT,CANCELED,0.059800000000000000,0.000000000000000000,1907.260000000000000000,GTC,1784072702227,1784073602508
LINK/USDT,SELL,LIMIT,CANCELED,12.030000000000000000,0.000000000000000000,8.475000000000000000,GTC,1784072700628,1784073600948
BTC/USDT,SELL,LIMIT,CANCELED,0.001730000000000000,0.000000000000000000,65997.380000000000000000,GTC,1784071802211,1784072702513
LINK/USDT,SELL,LIMIT,CANCELED,12.030000000000000000,0.000000000000000000,8.475000000000000000,GTC,1784070902603,1784071804882
ETH/USDT,SELL,LIMIT,CANCELED,0.059800000000000000,0.000000000000000000,1907.260000000000000000,GTC,1784070902227,1784071802694
BTC/USDT,SELL,LIMIT,CANCELED,0.001730000000000000,0.000000000000000000,65997.380000000000000000,GTC,1784070002220,1784070902697
ETH/USDT,SELL,LIMIT,CANCELED,0.059800000000000000,0.000000000000000000,1907.260000000000000000,GTC,1784069102227,1784070002719
LINK/USDT,SELL,LIMIT,CANCELED,12.030000000000000000,0.000000000000000000,8.475000000000000000,GTC,1784069100624,1784070013118
SOL/USDT,BUY,LIMIT_MAKER,CANCELED,1.933000000000000000,0.000000000000000000,77.540000000000000000,GTC,1784068218435,1784070903231
BTC/USDT,SELL,LIMIT,CANCELED,0.001730000000000000,0.000000000000000000,65997.380000000000000000,GTC,1784068202205,1784069102516
ETH/USDT,SELL,LIMIT,CANCELED,0.059800000000000000,0.000000000000000000,1907.260000000000000000,GTC,1784067302203,1784068202711
LINK/USDT,SELL,LIMIT,CANCELED,12.030000000000000000,0.000000000000000000,8.475000000000000000,GTC,1784067300614,1784068215101
BTC/USDT,SELL,LIMIT,CANCELED,0.001730000000000000,0.000000000000000000,65997.380000000000000000,GTC,1784066402187,1784067302478
BTC/USDT,BUY,LIMIT_MAKER,FILLED,0.001730000000000000,0.001730000000000000,64704.820000000000000000,GTC,1784065516078,1784065605172
LINK/USDT,SELL,LIMIT,CANCELED,12.030000000000000000,0.000000000000000000,8.475000000000000000,GTC,1784065502587,1784066403766
ETH/USDT,SELL,LIMIT,CANCELED,0.059800000000000000,0.000000000000000000,1907.260000000000000000,GTC,1784065502195,1784066402684
LINK/USDT,BUY,LIMIT_MAKER,FILLED,12.050000000000000000,12.050000000000000000,8.292000000000000000,GTC,1784064617309,1784064776819
ETH/USDT,BUY,LIMIT_MAKER,FILLED,0.059800000000000000,0.059800000000000000,1877.350000000000000000,GTC,1784064613561,1784064905481
LINK/USDT,SELL,LIMIT,FILLED,15.610000000000000000,15.610000000000000000,8.267000000000000000,GTC,1784034900613,1784035266419
LINK/USDT,SELL,LIMIT,CANCELED,15.610000000000000000,0.000000000000000000,8.267000000000000000,GTC,1784033100629,1784034001099
ETH/USDT,SELL,LIMIT,FILLED,0.062600000000000000,0.062600000000000000,1817.650000000000000000,GTC,1784032202278,1784032234406
LINK/USDT,SELL,LIMIT,CANCELED,15.610000000000000000,0.000000000000000000,8.267000000000000000,GTC,1784031304630,1784032201102
LINK/USDT,BUY,LIMIT_MAKER,FILLED,15.620000000000000000,15.620000000000000000,7.987000000000000000,GTC,1784030413211,1784030485401
ETH/USDT,SELL,LIMIT,CANCELED,0.062600000000000000,0.000000000000000000,1817.650000000000000000,GTC,1784030402210,1784031302727
ETH/USDT,SELL,LIMIT,CANCELED,0.062600000000000000,0.000000000000000000,1817.650000000000000000,GTC,1784028602191,1784029502646
LINK/USDT,BUY,LIMIT_MAKER,REJECTED,17.220000000000000000,0.000000000000000000,7.966000000000000000,GTC,1784026825084,1784026825581
ETH/USDT,SELL,LIMIT,CANCELED,0.062600000000000000,0.000000000000000000,1817.650000000000000000,GTC,1784026802205,1784027702700
ETH/USDT,SELL,LIMIT,CANCELED,0.062600000000000000,0.000000000000000000,1817.650000000000000000,GTC,1784025002177,1784025902671
ETH/USDT,BUY,LIMIT_MAKER,FILLED,0.062700000000000000,0.062700000000000000,1788.990000000000000000,GTC,1784024115692,1784024442485
